brand,tag,question,content
미니학습지,오류,1. 수강 중인데 동영상이 안 뜹니다. 앱 내  동영상 재생이 되지 않습니다. 강의 재생이 안됩니다. ,"먼저 소중한 시간을 내어 강의를 수강해 주셨음에도 불구하고 원활한 시청이 어려우셨다니 많이 답답하셨을 것 같아요. 불편을 드려 진심으로 죄송합니다.
말씀해 주신 오류는, 강의가 재생되는 영상 플랫폼인 비메오(Vimeo) 측의 일시적인 기술 문제로 인해 발생한 것으로 확인되었습니다.
현재는 시스템이 정상화되어 강의 시청이 가능한 상태이오니, 다시 한 번 확인 부탁드립니다.
갑작스러운 장애로 인해 학습에 불편을 드린 점 저희도 매우 안타깝게 생각하며,
안정적인 수강 환경을 위해 비메오 측에 이번 문제 상황을 전달하고, 유사한 일이 재발하지 않도록 요청드릴 예정입니다.
앞으로도 더 나은 학습 환경을 제공해드릴 수 있도록 최선을 다하겠습니다.
불편 사항이나 문의가 있으실 경우 언제든지 말씀 주세요.
감사합니다.
https://youtu.be/OcUpjn8E5fQ?si=3nzyq8mu9gxUIZ5A

다음 방법들을 시도해보세요:
<ol>
<li><b>브라우저 새로고침</b> - Ctrl+F5 또는 Cmd+R</li>
<li><b>캐시 삭제</b> - 브라우저 설정에서 캐시 삭제</li>
<li><b>다른 브라우저</b> - Chrome 브라우저 사용 권장</li>
</ol>
"
미니학습지,오류,2.  로딩 중만 뜨고 영상이 안 나옵니다. 동영상이 자꾸만 끊어집니다. 강의가 끊깁니다.,"
먼저, 강의 시청 중 불편을 겪으시게 하여 죄송합니다.
저희가 영상을 송출하는 플랫폼인 Vimeo의 네트워크 상태나 특정 인터넷 환경에 따라 로딩이 길어질 수 있는 경우가 있습니다. 이러한 문제를 해결하기 위해 아래의 방법을 시도해 보시길 부탁드립니다.

1️⃣ 인터넷 브라우저 변경 및 업데이트 확인
원활한 재생을 위해 Google Chrome 브라우저를 사용해 주세요.
2️⃣ CDN 설정 변경 후 새로고침
아래 링크로 접속하여 CDN 설정을 ‘Fastly’로 변경 후 새로고침해 주세요.
https://player.vimeo.com/flags?p=general
3️⃣ 강제 새로고침(파워 새로고침) 실행
특정 오류(levelloaderror 또는 manifestLoadError)가 발생하는 경우 아래 조치를 해주세요. Windows: Shift + Control + R Mac: Shift + Command + R
이후 브라우저를 종료 후 다시 실행하여 접속해 주세요.
4️⃣ 영상 화질 조정
임시적인 방안으로, 동영상 플레이어 오른쪽 하단의 ⚙️ 설정 버튼을 클릭하여 화질을 720p로 낮춰주세요.
이를 통해 좀 더 원활한 재생이 가능합니다.

저희도 영상 플랫폼 측에 지속적으로 개선을 요청하고 있으며,
학습자 여러분께서 더 원활한 환경에서 강의를 수강하실 수 있도록 최선을 다하겠습니다."
미니학습지,오류,3. 애플팬슬이 블루투스 연결이 안됩니다. 애플팬슬 불량입니다. ,"Apple Pencil(USB-C) 는 케이블로 기기와 연결을 한 번 하신 후에
그 다음부터 블루투스 연결이 되는 기종이에요.
우선 아래 링크 참고하여, 애플펜슬 충전과 페어링을 확인해주시겠어요? 
https://support.apple.com/ko-kr/guide/ipad/ipadc3d88218/ipados

위 방법처럼 충전을 충분히 하였는데 켜지는 것 자체가 되지 않는다면 이후 조치에 대해 안내를 드립니다.
제품 이용에 불편을 끼쳐드려 대단히 죄송합니다.
애플 서비스 센터 외, 교환 절차에 대해 자세히 안내드리도록 하겠습니다.
애플 서비스센터 방문:
저희가 기기에 대한 영수증을 발급해드리면, 가까운 애플 서비스센터를 방문하시어 바로 교환 요청을 진행하실 수 있습니다.

미니학습지를 통한 교환:
저희가 반송 신청하여 직접 수거하고, 새 제품으로 교체하는 방식입니다. 다만, 입고 후 재발송이 진행되어야 하기에 다소 시간이 소요될 수 있는 점 양해 부탁드립니다.
주의사항: 애플 방문이던 저희가 직접 수거하던 박스와 구성품을 모두 포함한 상태로 재포장해 주셔야 하며, 반송 과정에서 이상 여부를 확인 후 교환이 진행됩니다.만약 서비스센터나 저희에서 기기의 이상이 없다고 판단될 경우, 기존 제품을 그대로 다시 보내드리게 되는 점 참고 부탁드립니다.
불편을 최소화하실 수 있도록 최선을 다하겠습니다.
확인 부탁드리며, 2가지 절차 중 말씀 주시는 방향대로 안내 진행하도록 하겠습니다"
미니학습지,오류,4. 노트앱에서 답지랑 문제지를 같이 볼 수 있는 기능이 있나요?,"
더노트앱에서 교재를 먼저 켜주시고, 최상단 좌측에 '페이지랑 화살표 아래' 로고를 클릭해주시면, 필기할 수 있는 노트 창이 뜨는데요! 해당 창의 확대하기 버튼 바로 옆 사각형 4개 로고를 클릭해주시면, 현재 보고 계신 학습지를 해당 창으로 불러오실 수 있으십니다. 거기서 답지 페이지를 선택해주시면 문제 페이지와 답지 페이지를 한 번에 확인하실 수 있으십니다.
더노트앱 교재 → 노트 창 열기 → 사각형 4개 로고 클릭 → 노트 창에 디지털 교재 열기 → 답지 페이지
한번 확인해주시고, 하시다가 어려움이 있으시면 언제든 문의주세요!
"
미니학습지,오류,5. 앱에서 주석이랑 북마크를 삭제하는 방법이 있나요? ,"
삭제하고자 하는 개별 주석을 직접 선택하시면 해당 주석이 있는 디지털 교재 페이지로 이동이 되는데, 이동 후 주석에 나타나는 빨간색 휴지통 버튼으로 삭제해주시면 됩니다!
디지털 교재에 있는 주석은 약 2초 이상 꾹 누르면 버튼이 보이실거에요!
한번 확인해주시고, 하시다가 어려움이 있으시면 언제든 문의주세요!"
미니학습지,오류,6. 핸드폰으로 확대하면 단어장이 꺼집니다. ,"
 원인, 미니학습지 서버 과부하가 발생하여 더노트 앱 데이터 전송 오류 발생
[조치사항] 서버 안정화 진행 / 앱 구동 정상화

현재 위와 같이 조치가 되었으며,
더노트 앱 구동 테스트 시 특별한 이상 발견되지 않아 이전처럼 사용해주시면 되겠습니다.
가능한 앱 오류를 최소화 하고, 안정적으로 이용하실 수 있도록 노력하겠습니다.
저희 미니학습지를 이용해주셔서 감사합니다"
미니학습지,오류,"7. 아이패드 받았는데, 전원이 안켜집니다.","
먼저 기기 이용 중 갑작스럽게 전원이 켜지지 않으셨다고 하니 많이 당황스러우셨을 것 같습니다.
정말 죄송하지만, 저희는 납품된 기기에 대한 배송을 맡고있고, 이에 대한 a/s는 직접적으로 진행하기에는 어려움이 있습니다.

아래 1, 2번을 참고 해주시면 감사하겠습니다.
① 한 번 더 기기를 점검 하기
전원이 켜지지 않는다고 말씀을 해주셨는데, 이는 기기 자체의 고장이 아닌, 애플 운영체제에서 흔히 발생할 수 있는 일시적인 오류로, 재부팅을 통해 간단히 해결되는 경우가 많습니다.
이러한 현상은 특히 초기 설정 단계에서, 혹은 특정 앱이 업데이트되는 과정에서 발생할 수 있습니다.
우선은 다음 단계를 따라 한 번 재부팅을 시도해보시겠어요?
음량 버튼 위를 한 번 눌러주세요.
이어서 음량 버튼 아래를 한 번 눌러주세요.
마지막으로 전원 버튼을 꾹 눌러 화면에 애플 로고가 나타날 때까지 기다려주세요.
② 교환 절차
이 방법으로 해결되지 않을 경우, 아래 두 가지 옵션으로 교환 절차를 진행해드릴 수 있습니다.
애플 서비스센터 방문:
저희가 기기에 대한 영수증을 발급해드리면, 가까운 애플 서비스센터를 방문하시어 바로 교환 요청을 진행하실 수 있습니다.
미니학습지를 통한 교환:
저희가 반송 신청하여 직접 수거하고, 새 제품으로 교체하는 방식입니다. 다만, 미니학습지에서 발송 가능한 새 제품 입고 일정이 12월 2-3주차로 예정되어 있어 약간의 시간이 소요될 수 있는 점 양해 부탁드립니다.
주의사항: 애플 방문이던 저희가 직접 수거하던 박스와 구성품을 모두 포함한 상태로 재포장해 주셔야 하며, 반송 과정에서 이상 여부를 확인 후 교환이 진행됩니다.만약 서비스센터나 저희에서 기기의 이상이 없다고 판단될 경우, 기존 제품을 그대로 다시 보내드리게 되는 점 참고 부탁드립니다.
권상민 님께서 불편을 최소화하실 수 있도록 최선을 다하겠습니다. 우선 번거로우시겠으나 충전을 연결 한 다음 ① 한 번 더 기기를 점검 하기를 통해 기기를 점검 해주시고, 이 후에도 정상 작동이 확인 되지 않으면 ② 교환 절차로 이어 안내드릴 수 있도록 하겠습니다.

[태블릿 A/S 안내]
① 전자 기기 제품의 A/S는 각 제조사의 정책을 따릅니다. 애플 고객지원 센터나 가까운 애플 공식 서비스 센터로 직접 문의하셔야 합니다. https://support.apple.com/ko-kr
② 배송받은 전자 기기의 초기 불량의 경우에도 위 ① 사항에 해당합니다.
초기 불량의 경우, 먼저 아이패드 제조사인 애플 서비스 센터 측으로 기기 일련번호와 함께 문의해주시고, 기기 자체의 결함으로 교환이 필요하다는 답변을 받으신 경우, 해당 증빙 서류를 저희 쪽으로 보내주시면 내부 확인 후 새기기 발송 등 안내드릴 수 있도록 하겠습니다.
다만, 기기 이용자 과실 사항으로 인한 수리 비용의 경우에는 자체적으로 처리해주셔야 하는 점 너른 양해 부탁드리겠습니다!"
미니학습지,오류,8. 다음 강의를 들으려면 1번 강의부터 다음 버튼을 계속 눌러서 찾아야 하고 디스플레이가 화면 꺼짐 상태가 되서 다시 켜면 전 페이지로 변경됩니다. ,"1) 현재 수강하고 있는 강의의 강의실 페이지에서 다른 강의로 이동하는 경우, 첨부된 사진과 같은 > 버튼을 클릭하면 해당 과정의 강의 목차가 나오게 됩니다. 해당 목차에서 다음 강의를 클릭하면 꼭 다음버튼이 아니더라도 강의실 페이지 이동이 가능합니다.
더노트 앱의 각 디지털 교재을 이용하시는 경우 각 강의마다 [수강하기] 버튼이 교재 안에 삽입되어 있습니다. 해당 버튼을 클릭하면 해당하는 강의실 페이지가 열리게 됩니다!
2) 디스플레이 화면 꺼짐 상태 후 이전 페이지로 넘어가시는 부분은 해당 기기의 메모리 부족 문제일 수 있습니다.
자사 안드로이드 / IOS 기기로 테스트 시 강의실 페이지에서 화면 꺼짐 후 다시 화면을 켰을 시 다른 페이지로 이동되지 않고 그대로 유지가 되는 것을 테스트로 확인하였습니다.
해당 기기에서 사용하지 않는 앱들은 모두 종료후 이용해주시거나, 기기를 재부팅하여 이용해보시는 것을 권장드립니다.
이외 앱 이용 중 문의사항이나 오류가 있으신 경우 저희 채팅 상담으로 말씀해주시면 운영시간 내 안내 드리겠습니다 :)
감사합니다.
미니학습지 드림"
미니학습지,오류,"9. 강의를 키면, 계속 we're sorry, you are not allowed to proceed 라고떠요. 화면이 안뜹니다.","지속적으로 로그인이 실패되는 경우, 정보 보호를 위해 아이피가 일시적으로 차단이 됩니다!(약30분)
이 기간 동안 해당 인터넷 환경에서는 접속이 불가합니다. ㅠ_ㅠ
우선 현재 아이피 일시 차단이 발생 했던 아이피는 저희가 혹시나 모를 상황에 일시 차단이 되지 않도록 조치 해드리겠습니다!"
미니학습지,오류,"10. We're sorry, you are not allowed to proceed. Your request looks suspiciously similar to automated requests from spam posting software or it has been denied by a security policy configured by the website administrator. If you believe you should be able to perform this request, please let us know.","

지속적으로 로그인이 실패되는 경우, 정보 보호를 위해 아이피가 일시적으로 차단이 됩니다!(약30분)
이 기간 동안 해당 인터넷 환경에서는 접속이 불가합니다. ㅠ_ㅠ
우선 현재 아이피 일시 차단이 발생 했던 아이피는 저희가 혹시나 모를 상황에 일시 차단이 되지 않도록 조치 해드리겠습니다!
"
미니학습지,오류,11.  강의실에서 수강하기 버튼이  작동하지 않습니다. 학습지 내에서 수강하기를 눌러도 반응이 없습니다. ,"
수강하기 버튼 자체가 안눌리시는거면 필기모드로 되어 있으실 가능성이 높아서 필기모드 → 제스처모드 변경 하고 나서 클릭해보시겠어요?

필기모드에서는 필기하시다가 잘못 눌러질 경우가 있어 클릭되지 않도록 막혀있으실거에요!
이 부분 참고 부탁드립니다. 
"
미니학습지,오류,12. 학습 진도율이 올바르게 표시되지 않는 것 같습니다.,"
안녕하세요~! 학습자님! 

진도율의 경우, 수강을 마치시고 하단에 수강완료하기 버튼을 클릭해주셔야 반영이 되는 점 참고부탁드립니다~!"
미니학습지,오류,13. 미니학습지 더 노트 어플 설치가 안되는 태블릿 Pc로 나옵니다.,"
안녕하세요~! 
태블릿 초기 국가설정을 한국으로 변경 해주시고, 지속적인 문제가 있는 경우 '상담원 연결'을 남겨주시길 바랍니다~! 참고로 설정에 ####6030# 으로 들어가시면 되십니다! "
미니학습지,오류,14. 미니학습지 속도가 너무느려요~ ,"

안녕하세요!  

우선 이용에 불편을 드려 죄송합니다! 
현재는 홈페이지 속도는 괜찮아보이는데요~ 다만, 동시 접속자가 많은 경우, 피치 못하게 일시적으로 느려질 수 도 있습니다. ㅠ_ㅠ
해당 부분 양해부탁드리며, 아직도 속도가 느리시다면 '상담원 연결'을 남겨주세요~! 
"
미니학습지,오류,16. 로그인하고 공부 하다가 창 띄워놓고 몇 시간뒤 들어가면  자동 로그아웃이 됩니다. ,"
안녕하세요 학습자님!
혹시 로그인 하실 때 '로그인 상태 유지하기' 체크 박스 클릭 후 이용도 해보셨을까요? 
로그인이 풀리는 현상은 해당 페이지에서 장시간 아무런 활동이 없는 경우 세션 자체에서 보안 및 서버 자원 관리로 인한 세션 타임아웃인데요! 
이 경우  마우스 몇 번 움직이심으로, 방지가 가능하신 점 참고부탁드리겠습니다."
미니학습지,수강,1. ‘일본어 2단계 30강 - 최종점검’ 수강중인데요! 2단계 문법특강’이라는 강의에 첨부된 pt 자료를 제가 받은 교재 내에서는 찾을 수 없어서요.,"문의주신 2단계를 포함하여, ~5단계까지의 문법 특강은,
디지털학습지로 개별 다운로드가 아닌 일본어 베이직 2~5단계 각 단계 30강 - 수강하기 페이지 내 포함된 강의입니다!
이점 학습에 참고 부탁드립니다.

문법특강 내 자료는 따로 디지털 학습지가 없고,
영상 내 포함된 강의로만 확인이 가능하십니다. 🙇‍♂️"
미니학습지,수강,2. 교재는 pdf로 다운로드하면 개인적으로 출력도 가능한가요?,"미니학습지의 디지털 교재는 따로 다운로드나 출력이 어려우시구요!
미니학습지 더노트앱 내에서만 다운로드 및 이용이 가능하신 점 참고부탁드립니다."
미니학습지,수강,3. 환급원정대가 파워팩 프리미엄 상품인데 미션은 스타터팩으로 진행되는게 맞나요? ,"환급원정대는 파워팩 프리미엄 상품인데요!
말씀해주신대로, 파워팩 과정 내 있는 강의들을 수강하시게 되지만, 미션 진행은 (스타터팩)베이직 교재로만 진행하시면 되십니다. 그 외 다른 교재는 미션과 상관없이 수강이 가능하세요!"
미니학습지,수강,"4. 환급원정대 게시글 중 닉네임이 아닌 본명으로 올라간 글이 있는데, 혹시 게시자 이름을 변경할 수 있나요?","이미 작성된 글은 게시자 이름을 변경하는 것이 불가능합니다.
해당 부분에 대한 너른 양해 부탁드립니다."
미니학습지,수강,5.지금까지 들은 강의 회화들을 한번에 몰아들을 수 있는 VOD나 MP3는 없나요?,"
지금까지 들은 모든 회화 강의들을 한번에 몰아들을 수 있는 VOD는 따로 없는데요! 
대신 하단 오디오 클립 링크를 통해 원하시는 강의에 대한 음원 확인이 가능하십니다.

https://audioclip.naver.com/search/all?keyword=%EB%AF%B8%EB%8B%88%ED%95%99%EC%8A%B5%EC%A7%80"
미니학습지,수강,"6. 강의자료는 어디서 다운받는걸까요? 디지털 학습지로 구입했는데 학습지는 어떻게 봐야하나요? 다운로드 하는건가요?
","
교재나 강의 자료는 미니학습지 더노트앱에서 다운로드 및 수강이 가능하신데요! 
자세한 내용은 하단 안내 참고 부탁드립니다. 
구글 플레이스토어 or 애플 앱스토어의 미니학습지 더노트 앱을 설치 후 로그인하시면, 
도서불러오기 (모바일은 + 버튼) 기능을 통해 디지털 학습지 다운로드 이용이 가능하오니 확인 부탁드립니다 
추가로 궁금하신 점이 있으시면 메시지를 남겨주세요! "
미니학습지,수강,7. 학습지에 수록된 단어들만 담겨있는 단어장 같은건 없을까요?,"
미니학습지 더노트앱 → 도서불러오기 → 미니단어장 클릭
수강 중이신 언어 학습지에서 수준 별 미니 단어장을 확인 가능하십니다.
확인이 되지 않으신다면, 

대신 포인트로도 충분히 구매가 가능한 미니 단어장 구매 페이지 전달드립니다.
하단 링크를 통하여 일본어 N4, N3에 해당되는 단어장을 구매하실 수 있으세요!

https://studymini.com/minivoca/ "
미니학습지,수강,8. N1학습지를 구입을 했는데 부록 모의고사+어휘집/문법핸드북을 종이로 못받았어요,"

말씀 주신 부록 모의고사 및 어휘집 문법 핸드북은 실물교재로 제공되는 것이 아닌  디지털 버전만 제공해드리는데요! 
미니학습지 더노트앱 내에서 도서 불러오기를 통해 해당 학습지 다운로드 및 이용이 가능하신데요! 
구글 플레이스토어 or 애플 앱스토어의 미니학습지 더노트 앱을 설치 후 로그인하시면, 
도서불러오기 (모바일은 + 버튼) 기능을 통해 디지털 학습지 다운로드 이용이 가능하오니 확인 부탁드립니다. "
미니학습지,수강,9. 앱 설치 기계제한 수있나요? 여러 기기에서 사용 가능한가요? ,"

앱 설치 기계 제한의 경우
최대 3대 까지 가능하신데요. 다만 3대 넘어가면 로그인이 풀릴 수 있구요!
강의 수강 상황등은 다른 기기에 로그인 해도 공유가 되지만,
미니학습지 앱에서 다운로드 받으신 디지털 학습지는 기기에 저장되는 방식이라서, A기기에 받아서 필기한 것이 B기기에 적용되진 않습니다.
해당 부분 이용 전에 참고 하시면 좋을 것 같아요! 🤗

"
미니학습지,수강,10. 노트 페이지 순서는 못바꾸나요?,"
노트 페이지 변경 가능합니다!
문서 뷰어 왼쪽 상단의 네모 4개 아이콘을 클릭 한 다음, 원하는 페이지를 끌어서 이동 하여 순서 변경이 가능합니다!"
미니학습지,수강,11. AI 처럼 제 목소리를 내어서 얘기를 해보고 음성 인식이 돼서 바램이나 여러 가지 피드백 할 수 있는 그런 프로그램도 영상 강의 안에 있나요?,"
영상 내 음성인식을 통해 발음 피드백을 해주는 프로그램은 따로 없습니다.
하지만,AI 학습문답을 제공해드리고 있어서, 문법이나 표현, 단어의 활용에 대해 추가적으로 궁금하신게 있으시면 질문을 통해 원하시는 답변을 받아보실 수 있습니다.
발음에 관해서, 회화 훈련 강의와, 원어민 MP3가 있고 강의 자체도 말하기 중심이기에
따라서 말하기 연습을 많이 해보실 수 있으십니다."
미니학습지,수강,12. 교재오기전에 영상 수강만먼저 들어도 되나요?,"

안녕하세요! 학습자님! 

교재 오기 전에 영상 수강하실 수 있으십니다~! 
디지털 교재의 경우 하단에 안내드린 것 참고하여 이용해주시면 되시구요! 
다만, 환불 신청 시 디지털 학습지 다운로드 건이 확인되시면, 환불이 불가하신 점 참고부탁드립니다~!! 

교재 발송은 결제해주신 시간과 정오 기준으로 발송되시는 점 참고부탁드립니다! 
당일 오전 결제 → 정오 이후에 발송 
당일 정오 이후 결제 → 익일 정오 이후에 발송

구글 플레이스토어 or 애플 앱스토어의 미니학습지 더노트 앱을 설치 후 로그인하시면, 
도서불러오기 (모바일은 + 버튼) 기능을 통해 디지털 학습지 다운로드 이용이 가능하오니 확인 부탁드립니다 😀

https://studymini.com/thenote/ "
미니학습지,수강,"13. 꼭 태블릿, 아이패드 등이 있어야 하나요? ","
안녕하세요~ 
만일 페이퍼 버전을 구매해주시면 태블릿 없어도 충분히 가능하십니다만, 디지털로만 미니학습지를 이용하시려면 태블릿이나 모바일 기기가 필요합니다. 미니학습지의 디지털 학습지는 '미니학습지 더노트' 앱을 통해서만 이용 가능하며, 이 앱은 모바일과 태블릿 환경에서만 사용 가능합니다. PC에서는 앱을 사용할 수 없으니 참고 부탁드려요. 

태블릿이 꼭 필수는 아니십니다~! 
다만 페이퍼 + 디지털 버전을 구매해주신 다음에, PC로 수강이 가능하세요~!😊
"
미니학습지,수강,14. 아이패드에만 디지털 학습지 이용 가능한가요?,"
디지털 학습지는 무조건 모바일 기기에만 다운 받을 수 있는 것이 맞습니다!
디지털 학습지는 저희 ""미니학습지 더노트"" 앱을 통해 다운 받으실 수 있는데,
꼭 배송 받으시게 되는 아이패드에만 설치 가능한게 아니고

현재 사용하시는 핸드폰이나 이미 태블릿이 있다면 거기에도 설치 하여 이용 하실 수 있습니다! "
미니학습지,수강,15. 삼성 태블릿인데 수강 가능한가요? ,"

안녕하세요~! 
넵! 미니학습지에서 제공드리는 아이패드 기기 외에 삼성 기기에서도 수강이 가능하신데요!
다만 삼성 모델의 경우 너무 오래된 기종이 아닌 이상 문제 없이 수강이 가능한 점 참고바랍니다.😊
지니고 계신 태블릿 내에 미니학습지 더노트앱 만 설치해주시면, 디지털 파일 다운로드 및 강의 수강이 가능하십니다. 🤗"
미니학습지,수강,16. 스타터팩 어떤 순서로 공부해야하나요? ,"

안녕하세요!
스타터팩의 경우 
 회화 정규 과정(Basic 1-5단계 → 6-8단계) 차례로 학습해주시고, 미니단어장 및 승급시험을 5단계 이후로 병행하며 학습을 이어가시면 좋습니다.😊
단어의 경우 미니 단어장과 퀴즐렛을 활용하시면 초중급 수준까지는 충분하십니다~!
"
미니학습지,수강,17. 왼손잡이인데  왼쪽에 영상이 떠서 필기하고 공부하기가 불편한데 혹시 영상 올라오는가 반대쪽으로 변경 가능한가요?? (더노트앱) ,"

안녕하세요 학습자님! 😊

현재 더노트 앱에서는 강의실 페이지의 구조상 강의 동영상과 노트의 위치를 변경하는 기능을 제공하지 않고 있습니다. 왼손잡이 학습자님께서 불편함을 느끼실 수 있다는 점 이해합니다.ㅠ_ㅠ 

다만, iOS 버전에서는 PIP 기능을 활용하여 강의 동영상을 우측으로 이동시킬 수 있는 방법이 있으니, 이를 활용해 보시는 것을 추천드립니다. 자세한 방법은 여기에서 확인하실 수 있어요 😊

추가로 궁금하신 점이 있으시면 메시지를 남겨주세요 감사합니다. "
미니학습지,수강,18. 학습관리는 따로 없나요? ,"

안녕하세요 학습자님! 

미니학습지는 주로 개인 셀프 학습을 기반으로 하고 있습니다. 

대신 디지털 학습지를 통해 학습자가 스스로 학습할 수 있도록 최적의 학습 환경을 제공하는데요~!

 예를 들어, 더노트앱을 통해 강의, 학습지, 필기 노트를 한 화면에 통합하여, 쉽고 편하게 이용할 수 있습니다. 추가로 패키지와 함께 제공드리는 학습 플래너나, 실패 독려 굿즈 등은 학습자님이 스스로 학습을 이어나가실 수 있도록 도움을 드립니다. 

또한, 미니학습지는 전 강의 모두 무제한 수강권을 제공드리고 있기에 부담 없이 학습자님께 맞는 시간을 활용해 학습할 수 있으십니다! 

궁금하신 점들은 당연히 학습문답 서비스를 통해 해결이 가능하구요~! "
미니학습지,수강,19. 강의볼때 전체화면은 안되나요?,"

안녕하세요 학습자님~ 

혹시 태블릿에서 강의를 수강하고 계신가요? 
앱 내 플레이어를 전체 화면으로 이용 하시려면, < 표시를 누르시면 전체 화면 할 수 있는 버튼이 나타나게 됩니다! 전체화면으로 이용이 가능해요!
학습지와 영상을 동시에 켜는 것에 대한 말씀이시라면, 디스플레이 크기의 한계로 휴대폰에서는 강의화면 혹은 학습지 화면 하나만 띄우셔서 수강이 가능한 점을 이용에 참고 해주시기 바랍니다!
"
미니학습지,수강,20. 오디오 강의 속도 조절 가능한가요? (슈퍼이지 구동사 포함) ,"

안녕하세요 학습자님~ 

오디오 강의의 경우 따로 속도 조절을 할 수 있는 기능은 없는 점 양해부탁드려요 ㅠ_ㅠ 추가로 더 궁금하신 점이 있으실까요?

"
미니학습지,수강,20. 퀴즐렛은 어떻게 이용하나요? ,"
안녕하세요 학습자님 

퀴즐렛은 구매하신 강의 내에서 제공되며, 1~5강 단위 복습용으로 활용됩니다. 저희가 대신 과금을 부담하므로 별도 결제는 필요 없어요! 무제한 이용을 원하신다면 퀴즐렛 로그인 후 멤버 참여 요청을 해주시면 승인 도와드리겠습니다 :)! 

아래 안내를 따라주세요! 

우선 구매하신 강의실을 보시면, 하단에 퀴즐렛을 확인해보실 수 있으실텐데요! 
 나의 강의실에서 구매한 강의 들어가기
5강 혹은 10강 강의실로 이동 혹은 리뷰 퀴즈라는 이름으로 명시 
하단에 퀴즐렛 창, '전체 QUIZLET으로 이동하기' 클릭 
퀴즐렛 가입 및 로그인

위와 같은 단계를 거치시고, 멤버 신청을 해주시면, 되십니다 :)!"
미니학습지,더노트앱 ,노트앱 설명,"노트 필기 완벽
디지털 학습지
전세계 800만명이 선택한 플렉슬 엔진 탑재

앱으로 빠르고 편해진 학습 환경

태블릿만 있으면 학습 준비 끝
노트북, 학습지, 노트, 펜, 포스트잇.. 이제 공부할 때 모두 펼쳐두지 않고 수강부터 필기까지 한번에 끝낼 수 있습니다.

구입한 학습지는 즉시 다운로드
매번 스캔하여 태블릿으로 옮기기 불편하셨죠? 디지털 학습지로 바로 다운로드 받아 공부하도록 지원합니다.

학습지에서 바로 검색하고 이동
복습하다가 떠오른 낱말, 해당 낱말이 사용된 용례 등을 빠르게 검색하여 찾아드립니다.

스마트한 학습지 
통합된 학습 툴
강의, 학습지, 필기 노트까지
이 모든 것을 하나의 앱 안에서 쉽고 편하게 이용할 수 있습니다.

효율적인 제스처 모드
펜 또는 손가락 제스처를 활용해
학습도구 사용에 필요한 움직임을 최소화 해보세요.

학습지 꾸미기도 자유롭게
다양한 펜 기능으로 나만의 규칙을 만들어
보다 체계적으로 나만의 학습지를 디자인하세요.

오직 나만의 노트 정리
전혀 번거롭지 않아요.
간단히 드래그&드랍으로 나만의 노트를 정리해 보세요.

다이나믹한 주석 기능
노트에 정리된 주석은 원본 페이지와 링크되어
주석 클릭 시 바로 해당 페이지로 연결됩니다.

강력한 검색 기능
더이상 찾는데 시간을 쏟지 마세요.
언제든 원하는 단어를 문서 안과 밖에서 빠르게 검색하세요.

디지털 학습지로 학습 환경을 바꾸겠습니다.
자유로운 공부가 되도록

페이퍼 학습지에 더해 디지털 학습지를 무료로 드립니다.
*페이퍼 구매시 미니학습지의 실물교재(페이퍼)가 있는 모든 상품 디지털 학습지 무료 제공
 디지털 학습지만 구입할 수도 있어요!

최대 3개의 기기 동시 로그인 지원, 그 이상은 동시 로그인이 어렵습니다. 

더노트앱 사용 방법! + 샘플 강의 들어보기
방법 01
미니학습지 더노트 앱을
다운로드 받아요
앱스토어와 플레이스토어 모두 가능합니다.
태블릿, 모바일도 모두 지원해요!

방법 02
원하는 과정의 학습지를
다운로드해요
[미니책장] 오른쪽 하단의 + 버튼을 클릭해
[도서 불러오기]를 선택하세요.
여기서 원하는 학습지를 무료로 다운 가능해요!

방법 03
5일간 자유롭게 학습을
시작해보세요
학습지에 필기하며 강의를 수강하세요.
더노트 앱의 다양한 활용 방법이 궁금하다면 아래 버튼을 클릭해보세요!"
미니학습지,더노트앱 ,앱은 어디서 다운받을 수 있나요?,"`미니학습지 더노트` 앱은 애플 앱스토어와  구글 플레이스토어에서 모두 다운 받아 이용할 수 있습니다.
앱은 `모바일`과 `태블릿 PC`에서 사용 가능합니다."
미니학습지,더노트앱 ,앱은 무료인가요?,"- 누구나 무료로 다운로드 받아 이용하실 수 있습니다. 다양한 샘플 강의 및 부가 학습자료가 준비되어 있습니다.
- 학습지를 구입하신 경우 앱에서 디지털 학습지를 다운로드하거나 해당 강의를 시청하는 것은 무상으로 지원합니다.
- 수강을 원한다면 미니학습를 검색하셔서 홈페이지에서 결제해주셔야 합니다."
미니학습지,더노트앱 ,기존 수강생도 앱 이용이 가능한가요?, - 네 가능합니다. 미니학습지 홈페이지의 회원이시라면 해당 앱은 누구나 이용이 가능합니다.
미니학습지,더노트앱 ,결제한 강좌의 교재는 언제부터 받을 수 있나요? ,"- 홈페이지에서 결제가 완료된 이후 곧바로 다운로드가 가능합니다.
   (다만, 이는 사용하고 계신 인터넷 환경에 따라 아주 조금의 시차가 발생할 수 있습니다.)"
미니학습지,더노트앱 ,교재 다운로드 횟수가 정해져 있나요?,- 학습지 다운로드는 수강 기간 내 무제한으로 제약 없이 다운로드 받을 수 있습니다.
미니학습지,더노트앱 ,강의 영상 다운로드가 가능한가요?, - 강의 영상은 스트리밍 서비스로 제공되며 별도 다운로드할 수 없습니다.
미니학습지,더노트앱 ,백업&복원 기능에 대하여,"    - 본 필기앱은 개인정보라 할 수 있는 개인식별이 가능한 민감한 필기/필적 정보를 서버에 저장하지 않습니다.
    - 앱에 필기된 학습 자료는 삭제시 복원이 되지 않습니다. 따라서 앱을 삭제해야하는 경우 미리 백업 파일을 생성하시기 바랍니다.
    - 22년 4월 4일 앱 업데이트 이후 다운로드 받은 파일(학습자료)들은 모두 각 계정으로 귀속이 됩니다. 파일을 백업하여 다른 기기로 복원할 때 복원하려는 기기의 다른 계정이 로그인 되어 있다면 복원이 되지 않습니다.
    - 기기간 동일 계정으로 접속하더라도 필기한 데이터가 동기화되거나 싱크되지 않습니다.
    - 수강완료를 누르거나 학습문답을 남긴 경우 해당 정보는 어떠한 기기로 접속해도 유지됩니다."
미니학습지,더노트앱 ,다운받은 학습지를 내보낼 수 있나요?,"    - 앱에서 다운받은 미니학습지의 교재는 외부로 내보내거나 인쇄 할 수 없으며 미니학습지에서 제공하는 문서 외의 문서를 별도로 가져올 수 없습니다.
    - 또한 [미니학습지 더노트] 앱 이외의 다른 클라우드 혹은 어플리케이션과 별도로 연동되지 않습니다."
미니학습지,더노트앱 ,두 쪽 보기로 볼 때 오늘의 회화-오늘의 학습퀴즈가 한 페이지로 보이지 않습니다.,"- PDF 교재 특성상 표지부터 페이지가 보여지게 되어 발생하는 불편함일 것 입니다. 
    이 경우 해결 방법은 두가지가 있습니다.
    1. [설정 > 실험실 기능]에서 `한 페이지씩 넘기기` 기능을 활성화 하거나
    2. 페이지 목록을 열어 표지 바로 뒤 임의의 페이지를 삽입하면 쉽게 해결이 가능합니다!"
미니학습지,더노트앱 , 수강기간이 지나도 필기가 저장이 되나요?," 수강기간이 지난 경우 필기를(다운로드한) 한 학습지는 계속해서 이용이 가능하며 추가 다운로드는 제한됩니다.
"
미니학습지,더노트앱 ,토큰이 만료되었습니다.”라는 문구가 뜹니다. (또는 “The token has expired already.”),"    - 로그인 기한이 만료되어 나타나는 문구입니다! 2024년도 업데이트 이후, 다음 기능으로 빠르게 복원할 수 있습니다. 앱 내 “나의강의실” 오른쪽 상단 리로드 아이콘 클릭으로 한번에 해결됩니다. 먼저 이를 시도해주세요. 그래도 해결되지 않는 경우 로그아웃 하신 후 다시 로그인 해주세요.
"
미니학습지,더노트앱 ,갑자기 앱 내에서 “나의강의실”이 로그아웃 되었습니다(토큰 만료와 같은 증상임)., 앱 내 “나의강의실” 오른쪽 상단 리로드 아이콘을 클릭하시면 즉각 로그인 후 나의강의실 메인화면으로 진입합니다.
미니학습지,더노트앱 ,교재가 모두 보이지 않습니다..!,"
    - 강의가 업로드 중인 강좌의 경우 현재 오픈되어 있는 단계의 학습지까지 다운로드 받을 수 있으며 이 후 단계가 오픈되면 교재도 함께 다운로드 받을 수 있습니다.
    - 이미 오픈이 완료된 강의인데 보이지 않는다면 미니학습지 고객센터로 문의해주세요 :)"
미니학습지,더노트앱 ,추천하는 태블릿이 있나요?,"
    - `미니학습지 더노트` 앱은 앱스토어와 플레이스토어 모두에서 다운이 가능합니다. 즉 아이폰, 아이패드, 갤럭시폰이나 갤럭시 탭 등에서 모두 이용할 수 있습니다.
    - iOS와 안드로이드의 특성상 약간의 스펙 차이가 있습니다.
    - 여러가지 면에서 가장 추천하는 태블릿은 아이패드이며 iPad, iPad Air, iPad Pro 정도의 사이즈를 추천합니다. 노트 필기를 한다는 점에서 iPad mini 의 경우 다소 사이즈가 작거나 강의를 보는 환경 면에서 답답한 느낌이 있을 수 있습니다.
    - 아이패드 추천 이유 : iOS가 가진 자체 기능인 스플릿뷰, PIP 기능에서 뛰어났고(실제 학습환경에서 도움이 되는 편이었음) 통합검색 기능 면에서 뛰어났습니다.
    - 좌우 사이즈가 긴 갤럭시 탭의 경우 보다 넓은 화면을 이용할 수 있다는 점이 좋았습니다. 안드로이드 자체 미지원으로 인하여 스플릿뷰나 PIP기능을 지원하진 않지만 사용상에 큰 어려움은 없습니다.
    - 결론 : 어떠한 기기로든 앱을 이용할 수 있으며, 이미 가지고 계신 태블릿이 있다면 앱을 다운받아 샘플로 제공하는 학습지로 강의 환경을 미리 테스트해보세요. 다만 만약 아직 태블릿이 없고 구입 의사가 있다면 아이패드(10인치 이상)를 추천합니다."
미니학습지,더노트앱 ,"어휘노트나 디지털학습자료는 어디서 확인할수 있나요?
","
앱 내에서 도서불러오기 기능(+버튼 누르고 난 후)을 통해 다운이 가능하신데요~! 
도서불러오기 기능 클릭 시 카테고리들 중 어휘 노트 및 디지털 학습자료는 디지털 학습굿즈에서 확인이 가능하십니다~! "
미니학습지,구매,VOD 안내사항,"VOD 안내사항
*VOD는 미니학습지 이외에 다양한 단과 수업들을 통해 배울 수 있는 다양한 소재로 만든 인터넷 강의입니다.
*모든 VOD는 웹과 앱에서 수강할 수 있으며, 학습자료는 모두 앱에서 PDF로 다운로드할 수 있습니다.
*VOD는 배송이 없으며 결제 즉시 수강할 수 있습니다.

📹 VOD에 대해 더 알고 싶어요!
– 많은 분들의 요청으로 탄생한 VOD 서비스! 그 동안 미니학습지에서 비정기적으로 진행된 각종 챌린지나 오프라인 워크샵, 온라인 세미나를 이제 온라인 VOD 강좌로 만날 수 있습니다!
– 현장감 넘치는 미니학습지 클래스 리더들의 직강을 VOD로 즐길 수 있어요. 온라인 영상과 디지털 자료가 제공돼요. VOD는 미니학습지의 정규 커리큘럼 과정 이외에 내가 배우는 언어를 좀 더 입체적이고 풍성하게 접할 수 있는 강좌들입니다.
📚 강의 수강과 자료 다운로드는 어디서 하나요?
– 구입 직후 강의 수강 및 다운로드가 가능합니다.
– 강의는 [나의 강의실]에서, 자료 다운로드는 [미니학습지 더노트 앱]을 통해 가능합니다. 태블릿 혹은 모바일에서 앱 설치 후 [도서 불러오기] 버튼 또는 [+] 버튼을 눌러 자료를 다운로드 받아보세요!
– 제공되는 강의 수, 학습자료, 부가 서비스는 위의 안내에서 자세하게 확인할 수 있습니다.
– 그 밖에 궁금하신 점이 있다면 [문의하기]를 눌러주세요.
📥 다운로드 받은 자료의 열람기간이 정해져있나요?
– 기본 수강기간이 지났더라도 다운로드 받으신 PDF 자료는 계속 열람하실 수 있어요.
– 기본 수강 기간이 지난 후엔 추가로 다운로드 받을 수 없습니다.
– 교재와 앱을 삭제하지 않는 한 기기를 변경해서도 사용할 수 있습니다. 앱 내의 “백업&복원” 기능을 이용하세요.
💸 결제는 어떻게 할 수 있나요?
– 신용카드, 카카오페이, 가상계좌이체 등으로 결제가 가능합니다.
– 5만원 이상 신용카드 결제 시 무이자 할부를 지원합니다. 카드사별 자세히 보기
📦 배송되는 상품이 있나요?
– 아니요! VOD 강좌의 특성상, 별도로 배송되는 상품이 없습니다.
– 결제 후 [나의 강의실]에서 바로 수강을 시작하세요!
💔 환불 규정이 궁금해요.
– 구매 후 7일 이내 교재를 다운로드하지 않고, 수강 이력이 존재하지 않는 경우 전액 환불이 가능합니다.
– 제공된 강좌의 교재를 다운로드한 이후엔 디지털 콘텐츠 사용으로 간주되어 환불이 불가합니다.
⚠️ 기타 유의사항
– 다운로드하신 자료들의 저작권은 노이지콘텐츠(주)에 있으며 자료의 무단 전재 및 복제, 재업로드를 금합니다. 구입자 개인의 학습 용도로만 사용할 수 있습니다. 수강 기간의 ½ 가 경과한 이후엔 환불이 불가합니다.
– VOD 강좌 특성상 별도의 학습문답은 제공하지 않습니다.
– VOD 강좌의 상품 구성 및 수강 기간은 상단의 구매페이지를 확인해 주세요.
– 계정(ID 등)의 공유 및 재판매는 노이지콘텐츠(주)의 이용약관에 따라 엄격히 금지되어 있습니다.
– 구매한 강좌는 결제한 계정으로만 접속이 가능하며, 최대 3개의 기기에서 동시 로그인이 가능합니다.
– 제공되는 모든 콘텐츠는 별도의 공지 없이 업그레이드될 수 있습니다.
– 천재지변이나 폐업 등 서비스 제공이 불가한 경우 보조자료로 제공되는 콘텐츠(특히 강의 및 학습문답 서비스)는 종료되거나 다른 방식으로 제공될 수 있습니다.
– 위 정책들은 회사의 사정에 따라 언제든지 변경될 수 있습니다."
미니학습지,구매,"중급자인데 파워팩, 풀패키지가 싫은 경우"," 파워팩에는 베이직이 들어가있는데  왕초보부터 시작해서 너무 쉬운 건 또 안하게될 것 같아요. 
패키지 외  B1 - C1 까지 레벨이 있는 단 권 교재만 추천드리자면, 
외국계 회사에서 활용이 가능한 잉글리시 앳워크
원어민 회화를 그대로, 영어 네이티브
영어 사고, 한국 사고로 매치하여 학습하는 매치 학습지
이렇게 추천드릴 수 있습니다. 
목적에 따라 다르시겠지만, 회화만 원하신다면, 네이티브를 추천드립니다."
미니학습지,구매,네이티브 학습지 ,"
미니학습지 네이티브 시리즈는 외국어 회화를 실생활 중심으로 연습하고 싶은 초중급 학습자를 위한 ‘원어민 표현 중심 학습지’입니다.교과서식 표현이 아닌, 원어민이 실제로 말하는 방식을 듣고 익히며, 듣기부터 말하기까지 자연스럽게 감각을 키울 수 있도록 설계되었습니다.
“네이티브처럼 말하고 싶다면, 네이티브가 말하는 걸 그대로 익히세요.”

네이티브 학습지 가격
영어 네이티브 학습지 - 디지털 학습지 only
76,800원
영어 네이티브 학습지 - 페이퍼 + 디지털 학습지
96,000원
스페인어 네이티브 - 디지털 학습지 only
135,000원
일본어 네이티브 - 디지털 학습지 only
135,000원
프랑스어 네이티브 - 디지털 학습지 only 
135,000원
독일어 네이티브 - 디지털 학습지 only
76,800원
독일어 네이티브 - 페이퍼 + 디지털 학습지
96,000원
중국어 네이티브 - 디지털 학습지 only
135,000원

📚 공통 학습 구성
원어민 인터뷰 기반 회화문 제공실제 원어민의 인터뷰/대화문을 중심으로 구성하여 현실적인 언어 노출 제공
핵심 표현 예문 + 해설회화문 속 자연스러운 표현을 발췌, 문법/뉘앙스/활용 팁까지 친절하게 설명
쉐도잉용 원어민 MP3듣기와 따라 말하기 훈련을 위한 고품질 원어민 음성 제공
디지털 + 종이 학습지 형태 지원미니학습지 전용 앱 또는 인쇄 활용 가능 – 학습 환경 선택 자유
📝 이런 분께 추천해요
외국어 회화에서 자주 막히거나 표현이 어색하다고 느끼는 학습자
원어민이 실제로 쓰는 진짜 표현을 익히고 싶은 사람
리스닝 연습만 하다가 직접 말하기를 병행하고 싶은 학습자
교과서식 문장이 아닌, 구어체 표현 중심으로 회화력을 기르고 싶은 분
하루 30분~1시간 내외의 루틴 학습으로 실전 감각을 키우고 싶은 자기주도형 학습자

영어 네이티브 학습지
https://studymini.com/native-english/

레벨: CEFR B1 이상
특징:
영어 원어민의 자연스러운 표현을 중심으로 구성
실생활에서 자주 사용하는 구어체 표현 학습
다양한 악센트(미국, 영국, 캐나다 등)의 실제 발화를 통해 듣기 및 말하기 능력 향상
학습 구성:
원어민 인터뷰 기반의 대화문 제공
표현별 예문과 해설 포함
원어민 음원 및 쉐도잉 자료 제공

프랑스어 네이티브 학습지
https://studymini.com/native-french/
레벨: A2~B1
특징:
프랑스 원어민의 자연스러운 표현을 중심으로 구성
실생활에서 자주 사용하는 구어체 표현 학습
원어민의 실제 발화를 통해 듣기 및 말하기 능력 향상
학습 구성:
원어민 인터뷰 기반의 대화문 제공
표현별 예문과 해설 포함
원어민 음원 및 쉐도잉 자료 제공​

일본어 네이티브 학습지
https://studymini.com/native-japanese/
레벨: JLPT N3~N2
특징:
일본 원어민의 자연스러운 표현을 중심으로 구성
실생활에서 자주 사용하는 구어체 표현 학습
원어민의 실제 발화를 통해 듣기 및 말하기 능력 향상
학습 구성:
원어민 인터뷰 기반의 대화문 제공
표현별 예문과 해설 포함
원어민 음원 및 쉐도잉 자료 제공​


독일어 네이티브 학습지
https://studymini.com/native-german/
레벨: A2 이상
특징:
독일 원어민의 자연스러운 표현을 중심으로 구성
실생활에서 자주 사용하는 구어체 표현 학습
원어민의 실제 발화를 통해 듣기 및 말하기 능력 향상
학습 구성:
원어민 인터뷰 기반의 대화문 제공
표현별 예문과 해설 포함
원어민 음원 및 쉐도잉 자료 제공​


스페인어 네이티브 학습지
https://studymini.com/native-spanish/
레벨: B1 이상
특징:
스페인 원어민의 자연스러운 표현을 중심으로 구성
실생활에서 자주 사용하는 구어체 표현 학습
원어민의 실제 발화를 통해 듣기 및 말하기 능력 향상
학습 구성:
원어민 인터뷰 기반의 대화문 제공
표현별 예문과 해설 포함
원어민 음원 및 쉐도잉 자료 제공​



중국어 네이티브 학습지
https://studymini.com/native-chinese/
레벨: HSK 4급 이상
특징:
중국 원어민의 자연스러운 표현을 중심으로 구성
실생활에서 자주 사용하는 구어체 표현 학습
원어민의 실제 발화를 통해 듣기 및 말하기 능력 향상
학습 구성:
원어민 인터뷰 기반의 대화문 제공
표현별 예문과 해설 포함
원어민 음원 및 쉐도잉 자료 제공"
미니학습지,구매,패턴 학습지 ,"
미니학습지 패턴 시리즈는 외국어 회화 실력을 빠르게 끌어올리고 싶은 초급~중급 학습자를 위한 표현 중심 학습지입니다.각 언어별로 핵심 패턴만 엄선하여 구성하였고, 하루 30분 내외의 학습으로 실생활에서 자연스럽게 문장을 만들 수 있도록 돕습니다.
“단어를 아는데도 말을 못 했던 이유, 이제는 패턴으로 해결할 수 있어요!”
패턴 학습지 가격 
영어 패턴 99 - 디지털 학습지 only
76,800원
영어 패턴 99 - 페이퍼 + 디지털 학습지
96,000원
스페인어 패턴 학습지 A
90,000원
스페인어 패턴 학습지 B
90,000원
스페인어 패턴 학습지 A/B
127,200원
스페인어 패턴 학습지 A/B 페이퍼 + 디지털 ONLY
189,000원
일본어 패턴 60 - 디지털 학습지 only
90,000원
독일어 패턴 학습지 - 디지털 학습지 only
76,800원
독일어 패턴 학습지 - 페이퍼 + 디지털 학습지
96,000원
중국어 패턴 60 - 디지털 학습지 only
90,000원
📚 공통 학습 구성
패턴별 예문 8~9개 제공: 하나의 패턴을 다양한 문장에 적용하며 말하기 확장 훈련
실전 회화 예문: 패턴이 포함된 짧은 회화문으로 실전 상황 감각 훈련
쉐도잉용 원어민 MP3: 발음 연습 + 듣기 집중
복습 문제: 패턴을 정리하고 내 것으로 만드는 반복 학습 설계
디지털 or 종이 학습지 제공: 앱/PC/인쇄 모두 가능한 형태
📝 이런 분께 추천해요
단어만 알고 문장을 못 만드는 초보 회화 학습자
외국어 표현에 자신이 없던 자기주도 학습자
하루 30분 내외의 짧은 시간 집중 학습을 원하는 분
듣고 따라하는 학습 방식이 잘 맞는 분

영어 패턴 99 학습지
레벨: CEFR A2~B1
패턴 수: 99개
구성:
해설 강의 99강
원어민 MP3 음원 99개
영어 패턴 디지털 버전 3권
영어 패턴 페이퍼 합본 1권 (선택 시)
ChatGPT 기반 AI 문답 1년 이용권
학습문답 1년 이용권
퀴즐렛 1년 이용권
평생 수강 무상 연장권
특징:
하루 한 패턴씩 말문을 트는 30분 루틴 학습
각 패턴에 실용 예문 9개 + 실전 회화 예시
켈리쌤의 쉽고 직관적인 설명
직장인, 재도전 학습자에게도 최적화
원어민 음원을 활용한 쉐도잉 가능

독일어 패턴 99 학습지
레벨: CEFR A2~B1
패턴 수: 99개
구성:
패턴별 해설 강의 99강
원어민 MP3 음원 297개
학습문답 1년 이용권
평생 수강 무상 연장권
특징:
독일어 문장 구조에 익숙해질 수 있도록 설계
실생활에서 자주 사용하는 표현 중심
반복 학습을 통한 말하기 능력 향상​

스페인어 패턴 학습지
레벨: DELE A1~B2
패턴 수: 120개
구성:
A레벨(A1A2) 및 B레벨(B1B2)로 구성
각 패턴별 실용 예문 8개
실전 회화문 및 복습 문제
원어민 음원 제공
특징:
하루 30분 학습 루틴으로 구성
실생활에서 바로 사용할 수 있는 표현 중심
스페인어 전문가가 엄선한 핵심 패턴 수록

중국어 패턴 60 학습지
레벨: HSK 3급~4급
패턴 수: 60개
구성:
각 패턴별 실용 예문 6개
실전 회화문 및 복습 문제
원어민 음원 제공
특징:
중국어 문장 구조와 성조에 익숙해질 수 있도록 설계
일상생활에서 자주 사용하는 표현 중심
하루 30분 학습 루틴으로 구성

일본어 패턴 60 학습지
레벨: JLPT N4~N3
패턴 수: 60개
구성:
각 패턴별 실용 예문 7개
실전 회화문 및 복습 문제
원어민 음원 제공
특징:
일본어 조사와 동사 변형에 익숙해질 수 있도록 설계
실생활에서 자주 사용하는 표현 중심
하루 30분 학습 루틴으로 구성

5개 언어 패턴 학습지 비교 요약

영어
99개
A2~B1
하루 1 패턴 루틴, 회화+쉐도잉

독일어
99개
A2~B1
실용 중심, 문장 구조 적응 훈련

스페인어
60개
A1~B2
기본 동사/시제, 다양한 예문 제공

중국어
60개
HSK 3~4급
어순+성조 중심 구성

일본어
60개
JLPT N4~N3
조사와 동사 변형 적응 훈련
"
미니학습지,구매,매치 학습지 ,"
매치학습지 가격 
영어 매치 학습지 - 디지털 학습지 only
76,800원
영어 매치 학습지 - 페이퍼 + 디지털 학습지
96,000원
독일어 매치 - 디지털 학습지 only
42,000원
독일어 매치 - 페이퍼 + 디지털 학습지
47,000원

영어 매치 학습지
🔗 https://studymini.com/match-english/
레벨: CEFR B1 이상 (중급 이상)​

특징:
일상 속 자주 사용하는 한국어 표현을 영어로 자연스럽게 전환하는 훈련
한국어 문장을 영어로 바꾸는 과정에서 영어식 사고력 향상
통번역 전문가의 해설을 통해 문법, 어휘, 어순 등을 체계적으로 학습
원어민 음원을 통한 다양한 악센트(미국, 영국, 캐나다 등) 익히기​

학습 구성:
학습지: 영어 매치 4권 (페이퍼 및 디지털 버전 제공)
강의: 영어 매치 해설 강의 100강
MP3: 원어민 음원 100개
맞춤 케어 서비스:
학습문답 1년 이용권
ChatGPT 기반 AI 학습문답 1년 이용권
퀴즐렛 1년 이용권
평생 수강 무상 연장권 (최초 1년 후 자동 무상 연장)​

참고 사항:
도서 버전과 디지털 버전은 동일한 내용을 담고 있습니다.
디지털 학습지는 미니학습지 더노트 앱에서 다운로드하여 모바일이나 태블릿에서 학습할 수 있습니다.​

추천 대상:
한국어를 영어로 자연스럽게 표현하고 싶은 학습자
영어식 사고력을 키우고 싶은 중급 이상 학습자
실생활에서 자주 사용하는 표현을 영어로 익히고 싶은 분
다양한 원어민 악센트를 접하며 듣기 실력을 향상시키고 싶은 학습자​

독일어 매치 학습지
🔗 https://studymini.com/match-german/
레벨: CEFR B1 이상 (중고급 이상)​

특징:
일상 속 자주 사용하는 한국어 표현을 독일어로 자연스럽게 전환하는 훈련
한국어 문장을 독일어로 바꾸는 과정에서 독일어식 사고력 향상
독일어 전문가의 해설을 통해 문법, 어휘, 어순 등을 체계적으로 학습
원어민 음원을 통한 발음 및 듣기 실력 향상​

학습 구성:
 학습지: 독일어 매치 1권 (페이퍼 및 디지털 버전 제공)
강의: 독일어 매치 해설 강의 30강
MP3: 원어민 음원 30개
맞춤 케어 서비스:
학습문답 1년 이용권
ChatGPT 기반 AI 학습문답 1년 이용권
퀴즐렛 1년 이용권
평생 수강 무상 연장권 (최초 1년 후 자동 무상 연장)

참고 사항:
도서 버전과 디지털 버전은 동일한 내용을 담고 있습니다.
디지털 학습지는 미니학습지 더노트 앱에서 다운로드하여 모바일이나 태블릿에서 학습할 수 있습니다.​

추천 대상:
한국어를 독일어로 자연스럽게 표현하고 싶은 학습자
독일어식 사고력을 키우고 싶은 중고급 이상 학습자
실생활에서 자주 사용하는 표현을 독일어로 익히고 싶은 분
원어민 발음을 통해 듣기 실력을 향상시키고 싶은 학습자​"
미니학습지,구매,"English@Work, 비즈니스 영어 학습지, 앳워크","
🔗 강의 링크
https://studymini.com/atwork/

🧭 강의 개요
English@Work는 입사부터 퇴사까지, 이직부터 승진까지 직장인의 커리어 전반에 걸쳐 필요한 비즈니스 영어를 학습할 수 있는 프로그램입니다. 실제 직장 생활에서 마주치는 다양한 상황을 반영하여 구성되어 있어, 실무에서 바로 활용 가능한 표현과 어휘를 익힐 수 있습니다.

👥 등장인물과 학습 구성
English@Work는 세 명의 직장인 캐릭터를 중심으로 이야기가 전개됩니다:
강태호 (Paul): 신입사원으로서 회사 생활에 적응해 나가는 과정을 통해 기본적인 비즈니스 영어 표현을 학습합니다.
김민준 (Nick): 경력직으로 이직한 후 새로운 환경에 적응하며 중급 수준의 표현과 어휘를 익힙니다.
안유진 (Julia): 글로벌 기업의 중간관리자로서 고급 비즈니스 영어 표현과 리더십 관련 어휘를 학습합니다.
이러한 캐릭터들의 스토리를 따라가며 자연스럽게 다양한 비즈니스 상황에서의 영어 표현을 익힐 수 있습니다.

📚 학습 구성 및 특징
총 180강으로 구성되어 있으며, 각 강의는 2페이지 분량으로 구성되어 있습니다.
핵심 문장: 매 강의마다 핵심 문장을 소개하여 주요 표현을 집중적으로 학습합니다.
연습문제: 학습한 내용을 바로 확인할 수 있는 연습문제를 통해 이해도를 높입니다.
회화 예문: 실제 비즈니스 상황에서 사용되는 회화 예문을 통해 실전 감각을 익힙니다.
영어 팁: 학습에 도움이 되는 다양한 영어 팁을 제공하여 학습 효과를 극대화합니다.

🎯 학습 효과
실무 중심의 표현 학습: 실제 직장 생활에서 자주 사용되는 표현들을 중심으로 학습하여 실무에 바로 적용할 수 있습니다.
상황별 맞춤 학습: 입사, 이직, 회의, 협상 등 다양한 비즈니스 상황을 반영한 학습으로 상황에 맞는 표현을 익힐 수 있습니다.
어휘력 향상: 총 1500개의 비즈니스 필수 어휘와 3000개의 예문을 통해 어휘력을 향상시킬 수 있습니다.

🎁 수강 혜택
1:1 학습문답: 학습 중 궁금한 점을 전문가에게 직접 문의할 수 있습니다.
원어민 음원 제공: 원어민의 발음을 들으며 정확한 발음과 억양을 익힐 수 있습니다.
평생 무제한 수강기간: 수강 기간에 제한 없이 언제든지 학습할 수 있습니다.
전용 앱에서 교재 다운로드: 전용 앱을 통해 교재를 다운로드하여 언제 어디서나 학습할 수 있습니다.
전 세계 배송: 해외에서도 교재를 배송받을 수 있어 장소에 구애받지 않고 학습할 수 있습니다.
무이자 할부 지원: 수강료에 대한 부담을 줄일 수 있도록 무이자 할부를 지원합니다.

🛍️ 구성 및 가격
English@Work  | 할인가 319,000원  | 페이퍼 학습지 & 디지털 학습지
구성 
학습지 및 강의
English@work 학습지 3권
English@work 어휘집 3권
English@work 표현 모음집 1권
English@work 학습지 디지털 버전 3권
English@work 어휘집 디지털 버전 3권
English@work 표현 모음집 디지털 버전 1권
강의
English@work 강의 180강
MP3
English@work 원어민 mp3 180개
[특별 혜택] 굿즈 세트
켈리쌤 캐릭터 볼펜 1개
캐릭터 스티커 1개
캐릭터 코스터 1개
맞춤 케어 서비스
학습문답 이용권
학습문답 1년 이용권
AI 학습문답 이용권
ChatGPT 기반 AI 학습문답 1년 이용권
퀴즐렛 이용권
미니학습지 퀴즐렛 1년 이용권
평생수강 연장권
평생수강 무상 연장권(최초 1년 후 자동무상연장)
*위 맞춤 케어 서비스는 구입가에 포함되지 않는 내역으로 무상 서비스로 제공되며 환불의 대상이 되지 않습니다. 구입일로부터 1년간 무상서비스를 보장합니다. 하지만 그 이후로도 계속 맞춤 케어 서비스를 이용하실 수 있도록 무상 연장하여 제공해 드리고 있습니다.


English@Work  | 할인가 255,000원   |   디지털 학습지
구성
학습지 및 강의
English@work 학습지 디지털 버전 3권
English@work 어휘집 디지털 버전 3권
English@work 표현 모음집 디지털 버전 1권
강의
English@work 강의 180강
MP3
English@work 원어민 mp3 180개
맞춤 케어 서비스
학습문답 이용권
학습문답 1년 이용권
AI 학습문답 이용권
ChatGPT 기반 AI 학습문답 1년 이용권
퀴즐렛 이용권
미니학습지 퀴즐렛 1년 이용권
평생수강 연장권
평생수강 무상 연장권(최초 1년 후 자동무상연장)
*위 맞춤 케어 서비스는 구입가에 포함되지 않는 내역으로 무상 서비스로 제공되며 환불의 대상이 되지 않습니다. 구입일로부터 1년간 무상서비스를 보장합니다. 하지만 그 이후로도 계속 맞춤 케어 서비스를 이용하실 수 있도록 무상 연장하여 제공해 드리고 있습니다. 


📈 추천 대상
신입사원: 회사 생활에 필요한 기본적인 비즈니스 영어를 학습하고자 하는 분
경력직 이직자: 새로운 환경에 적응하며 중급 수준의 표현과 어휘를 익히고자 하는 분
중간관리자: 고급 비즈니스 영어 표현과 리더십 관련 어휘를 학습하고자 하는 분
해외 업무 담당자: 글로벌 업무에 필요한 영어 표현과 어휘를 익히고자 하는 분

앳워크 관련 질문 
상품구성
– 본 상품의 구성은 실물 학습지와 디지털 학습지 그리고 디지털 콘텐츠 등으로 준비되어 있습니다.
– 각 옵션 별 제공되는 구성이 상이하므로 위 상세소개 및 각 구매 페이지의 내용을 잘 확인해 주세요.
– 제공되는 디지털 학습지는 “더노트” 앱에서 다운로드하여 이용 가능합니다. (구글 플레이스토어 또는 앱스토어에서 검색하여 다운 가능)
– 그 밖의 제공되는 디지털 콘텐츠는 모든 종류의 PC, 태블릿 및 스마트폰에서 만날 수 있습니다.
결제방법
– 신용카드, 카카오페이, 가상계좌이체 등으로 결제가 가능합니다.
– 5만원 이상 신용카드 결제 시 무이자 할부를 지원합니다. 카드사별 자세히 보기
배송
– [페이퍼 + 디지털 학습지] 옵션을 선택하신 경우 교재(상품)는 평일(월~금) 정오(12시)에 출고됩니다. 따라서 정오(12시) 이전 결제가 완료된 주문 건에 대하여 교재(상품) 발송이 시작됩니다.
– 주문상태 및 송장번호 등은 마이페이지에서 확인하실 수 있습니다.
– 국내배송은 발송 후 1~3일이 소요되고 해외배송(EMS)은 발송 후 평균 7~10일이 소요됩니다.
– [디지털 학습지 only] 옵션을 선택하신 경우, 별도 배송되는 교재(상품)이 없이 구매 후 바로 수강 및 교재 다운로드가 가능합니다.
취소 및 환불
– 교재 발송 전 취소 및 환불 : 전액 환불이 가능합니다.
– 구입한 강좌의 디지털 학습지 다운로드한 경우 디지털콘텐츠 사용으로 간주하여 7일 이내라도 환불이 불가합니다(학습콘텐츠 다운로드 하지 않은 경우에만 환불).
– 교재 발송 후 환불 : 교재 재판매 가능 상태를 확인 후 왕복 배송비 등 차감 후 부분 환불이 가능합니다.
– 교재 및 사은품이 새 상태인 경우에는 결제일로부터 7일 이내 환불 신청 시 전액 환불이 가능합니다. 단 7일이 초과한 경우 환불 접수가 불가합니다.
– 교재 및 사은품은 사용감이 있는 경우 7일 이내라도 환불이 불가합니다.
– 그 외 제공되는 콘텐츠, mp3나 강의, 학습문답시스템 등은 실결제금액에 포함되지 않으므로(무상지원) 환불 대상이 아닙니다.
제공되는 부가상품 이용
– 학습지 구입 시 무료로 제공되는 강의 등의 콘텐츠는 구입 이후 자유롭게 이용할 수 있습니다.
– 제공된 강의 콘텐츠의 경우 홈페이지 상단 메뉴 “나의 강의실” 또는 앱을 통해 구매 직후 수강할 수 있습니다.
– 일부 부가상품은 다운로드가 가능합니다. 다운로드된 파일의 저작권은 노이지콘텐츠(주)에 있으며 무단전재 및 복제, 재업로드를 금하며 구입자 개인의 학습용로도만 사용할 수 있습니다.
– 나의 강의실에서 제공되는 강의 콘텐츠는 학습자 본인에 한해 별도의 수강 기간 연장 없이 무제한으로 이용 가능합니다. 본 정책은 회사 정책에 따라 추후 변경될 수 있습니다.
– 학습문답 시스템은 수강신청 후 1년간 자유롭게 이용할 수 있습니다. (최소 1년은 학습문답 시스템 이용을 보장한다는 의미이며, 그 이후로도 특별한 내부 사정이 없는 한 이용이 가능하도록 노력할 예정입니다.)
– 학습문답 이용권을 남용하는 경우 서비스 이용이 제한될 수 있습니다(해당 강의 내용과 수준을 넘어선 질문이나 직접 관련이 없는 문의는 답을 달지 않고 임의 삭제됩니다).
유의사항
– 미니학습지 콘텐츠는 하나의 ID로만 접속이 가능하며 최대 3개의 기기에서 동시 로그인이 가능합니다.
– 계정(ID 등) 공유 및 재판매는 노이지콘텐츠(주)의 이용약관에 따라 엄격히 금지되어 있습니다.
– 제공되는 모든 콘텐츠는 별도의 공지 없이 업그레이드 될 수 있습니다.
– 천재지변이나 폐업 등 서비스 제공이 불가한 경우 보조자료로 제공되는 콘텐츠(특히 강의 및 학습문답 서비스)는 종료되거나 다른 방식으로 제공될 수 있습니다.
– 할인이 있는 경우, 사전에 별도의 공지 없이 마감되거나 연장될 수 있습니다.
– 위 정책들은 회사의 사정에 따라 언제든지 변경될 수 있습니다.


"
미니학습지,구매,"슈퍼이지 영어 구동사 , 슈퍼이지","
페이퍼 교재 없고, 디지털만 
🔗 강의 링크
https://studymini.com/product/supereasy_phrasal_verbs/
🧭 강의 개요
슈퍼이지 학습지: 영어 구동사편은 일상 회화에서 자주 사용되는 구동사(Phrasal Verbs)를 쉽고 효과적으로 학습할 수 있도록 구성된 프로그램입니다. 동사와 전치사의 결합으로 새로운 의미를 갖는 구동사는 영어 학습자들에게 어려운 부분 중 하나입니다. 이 강의는 이러한 구동사를 자연스럽게 익혀 말문을 트이게 하는 데 중점을 두고 있습니다.
👩‍🏫 강사 소개: 켈리쌤
학력 및 경력:
사범대 영어교육과 졸업
통번역대학원 출신 통역가, 번역가
다수 영어교재 저자 및 강사
켈리쌤은 유학이나 해외 연수 없이 한국에서 영어를 공부한 경험을 바탕으로, 학습자들이 어떤 점에서 어려움을 느끼는지 잘 이해하고 있습니다. 그녀의 강의는 복잡한 개념을 쉽게 풀어 설명하며, 누구나 이해할 수 있도록 구성되어 있습니다.
📚 학습 구성 및 특징
핵심 문장 학습: 매 강의마다 핵심 문장을 소개하여 주요 표현을 집중적으로 학습합니다.
연습문제 제공: 학습한 내용을 바로 확인할 수 있는 연습문제를 통해 이해도를 높입니다.
회화 예문: 실제 일상 대화에서 사용되는 예문을 통해 실전 감각을 익힙니다.
영어 팁: 학습에 도움이 되는 다양한 영어 팁을 제공하여 학습 효과를 극대화합니다.
🎯 학습 효과
구동사 이해 및 활용: 다양한 구동사의 의미와 사용법을 익혀 자연스럽게 활용할 수 있습니다.
어휘력 향상: 구동사와 관련된 다양한 표현을 통해 어휘력을 향상시킬 수 있습니다.
회화 능력 향상: 실제 상황에서 자주 사용되는 구동사를 익혀 회화 능력을 향상시킬 수 있습니다.
🎁 수강 혜택
원어민 음원 제공: 원어민의 발음을 들으며 정확한 발음과 억양을 익힐 수 있습니다.
전용 앱에서 교재 다운로드: 전용 앱을 통해 교재를 다운로드하여 언제 어디서나 학습할 수 있습니다.
평생 무제한 수강기간: 수강 기간에 제한 없이 언제든지 학습할 수 있습니다

🛍️ 구성 및 가격
풀세트 ⏐ 슈퍼이지 영어 구동사 학습지 12권     |     180,000원
구성
학습지 및 강의
디지털 학습지
영어 구동사 학습지 12권
모바일 정리노트 12권
모바일 단어장 12권
최종점검 복습퀴즈(학습지 내 포함)
주간 리뷰퀴즈(학습지 내 포함)

오디오 강의
영어 구동사 오디오 강의 240강

원어 MP3
영어 구동사 예문 듣기 mp3 240개
실전회화 훈련 mp3 48개
어휘 mp3 336개

맞춤 케어 서비스
학습문답 이용권
학습문답 1년 이용권
AI 학습문답 이용권
ChatGPT 기반 AI 학습문답 1년 이용권
퀴즐렛 이용권
미니학습지 퀴즐렛 1년 이용권
평생수강 연장권
평생수강 무상 연장권(최초 1년 후 자동무상연장)

*위 맞춤 케어 서비스는 구입가에 포함되지 않는 내역으로 무상 서비스로 제공되며 환불의 대상이 되지 않습니다. 구입일로부터 1년간 무상서비스를 보장합니다. 하지만 그 이후로도 계속 맞춤 케어 서비스를 이용하실 수 있도록 무상 연장하여 제공해 드리고 있습니다.

참고 사항
모든 학습지는 구입 즉시 교재 다운로드 및 수강 가능


📈 추천 대상
영어 초보자: 구동사의 개념과 사용법을 처음 접하는 학습자
회화 능력 향상을 원하는 학습자: 실제 대화에서 자주 사용되는 구동사를 익혀 회화 능력을 향상시키고자 하는 학습자
어휘력을 확장하고자 하는 학습자: 다양한 구동사를 통해 어휘력을 확장하고자 하는 학습자"
미니학습지,구매,HSK 4급 학습지,"HSK 4급 학습지    |    HSK 4급 디지털 학습지 only  | 245,000원
실물교재, 페이퍼 교재 없음 
🔗 https://studymini.com/hsk4/
레벨: HSK 4급 (중급)​
🧩 특징
HSK 총 10회분의 문제 은행형 학습지 구성
매 10일차 실전 모의고사 유형 문제 제공
기출 중심, 파트당 30일 심플 학습 플랜
부록 모의고사 3회 및 꼼꼼한 해설 강의 포함
쓰기 → 독해 → 듣기로 최적의 학습 흐름 구현
개편된 HSK 어휘 포함 1,400개 어휘집 제공
📚 학습 구성
본교재: HSK 시험대비 교재 3권 (쓰기, 독해, 듣기)
강의: 본강의 90강
부록: 모의고사 3회 + 해설 강의 3편
어휘집: 개편된 HSK 어휘 포함 1,400개 어휘집 제공
음원: 원어민 듣기 MP3 파일

추천 대상:
HSK 4급 시험을 준비하는 학습자
기출 문제를 중심으로 체계적인 학습을 원하는 분
쓰기, 독해, 듣기 영역별로 집중적인 훈련이 필요한 학습자
실전 모의고사를 통해 시험 감각을 익히고 싶은 분


✍️ 쓰기
교재 : 1권
학습 : 30강
설명 : - 어순- 품사 분석- 문장 유형 익히기

📖 독해
교재 :1권
학습 : 30강
설명 : - 유형 분석- 내용 파악- 문맥 파악- 주요 단어 체크

🎧 듣기
교재 : 1권
학습 : 30강
설명 : - 유형 분석- 테마별 어휘 및 이야기 파악하기- 숫자 듣기

📘 어휘집
교재 : 1권
학습 : 1,400개 어휘
설명 : - 기존 어휘 + 신규 어휘(3.0 기준)= 총 1,400개

샘플 교재 
https://studymini.com/wp-content/uploads/2022/12/%EC%B0%A9%EB%B6%99%EB%94%B1%EB%B6%99-HSK-4%EA%B8%89_Sample.pdf

HSK 4급 구성 
실전학습플랜 
– HSK 총 10회분의 문제 은행형 학습지
– 매 10일차 실전 모의고사 유형 문제 제공
– 기출 중심, 파트당 30일 심플 학습 플랜
– 부록 모의고사 3회+꼼꼼한 해설강의

이해력 UP 강의
– 물고기 잡는 법을 깨닫는 강의
– 스스로 이해, 풀이, 확장까지 가능한 구성
– 기초부터 실력 다지기까지 세분화된 학습 난이도
빈틈 없는 구성 
– 쓰기 → 독해 → 듣기로 최적의 학습 흐름 구현
– 잊을 수 없는 반복형 커리큘럼
– 개편된 HSK 어휘 포함 1,400개 어휘집 제공
족집게 모의고사 
– 100% 기출문제 기반, HSK 전문강사가 직접 출제
– 독해, 듣기 전 문항 상세 풀이 영상 제공
– 쓰기 문항 모두 모범답안을 제시"
미니학습지,구매,파워팩을 해야되는 레벨이고 스타터팩을 해야 하는 레벨인데 이 두 가지 조합으로는 1+1 디지털 only 이 불가능한가요? 초급을 다시 할수 는 없어서요.,"안녕하세요, 학습자님! 😊문의 주셔서 감사합니다.
현재 파워팩 +  스타터팩 조합으로 구성된 1+1 디지털 only 상품은 따로 제공되지 않고 있어요.또한, 각 언어별로 구성된 파워팩, 스타터팩은 각각 단독 패키지로만 운영되며, 서로 다른 레벨의 조합으로는 할인 적용이 어려운 점 양해 부탁드립니다 🙏
말씀하신 것처럼 스페인어는 이미 파워팩 레벨이시고, 중국어는 스타터 단계이시라면별도로 스타터팩을 선택해 학습을 시작하시면 되고,중급 과정의 경우 회화학습지 단독 구매를 통해 중급 과정으로 바로 진입하실 수 있어요!
참고로, 파워팩 안에는 이미 스타터팩의 내용이 포함되어 있기 때문에스타터 단계를 다시 구매하실 필요는 없답니다 😊
혹시 다른 언어 조합이나 상품 구성이 궁금하시다면 언제든지 편하게 문의 주세요!"
미니학습지,구매,왕초보 어떤 언어들이 있는지 궁금해요! ,"
안녕하세요! 학습자님! 
미니학습지에 관심 가져주셔서 정말 감사합니다!
저희 미니학습지는 현재 왕초보 단계를 포함해 총 12개 언어를 제공하고 있어요!
영어, 일본어, 중국어, 프랑스어, 독일어, 스페인어, 이탈리아어, 인도네시아어, 베트남어, 포르투갈어, 아랍어, 러시아어까지 다양하게 준비되어 있습니다!

혹시
어떤 언어를 학습하고 싶으신지
학습 목적(예: 여행, 취업, 시험 준비 등)
희망하시는 목표 레벨

이 세 가지만 간단히 말씀 주시면, 학습자님께 가장 알맞은 언어와 강의 구성을 맞춤형으로 추천드릴게요 😊목표에 딱 맞는 커리큘럼으로 첫걸음을 시작하실 수 있도록 도와드릴게요! 언제든 편하게 말씀 주세요 🙌"
미니학습지,증명서 ,"1.강의들은 수강확인증이 어떻게 발급되나요?
","
안녕하세요~ 학습자님! 
자사에서 발급해드리는 수강확인증은 신청서에 기재해주신 내용을 바탕으로 발급되며,
수강률 기재가 필요한 경우, 1달 20강 이상 해당 과정을 수강했다는 기준으로 100% 전체 수강률로 수강확인증 내 추가 기재하여 발급해드리고 있습니다.
이 점 참고 부탁드리며, 추후 수강확인증 신청이 필요하신 경우 문의 주시면 신청 폼 링크 전달드리리고 있으니 참고 부탁드립니다 :)"
미니학습지,증명서 ,2. 수강확인증과 출석확인증 발급받고싶은데이름만 바꿔 보내주실수있나요?,"
안녕하세요 학습자님!

가능하십니다~! 기재해주신 정보 참고하여, 발급 도와드리고 있어요! 
구매하신 강좌의 수강증 또는 수강확인증 발급 신청은 아래 안내대로 신청해주시면 되십니다~! 🤗
설문지를 모두 작성하여 제출하셨다면, 아래의 메시지 입력 창에 ""수강증 발급 신청 완료"" 라고 적어주세요!

수강확인증 신청하기
https://docs.google.com/forms/d/e/1FAIpQLSdpmFKj7GymB9s68lt0iQnqa3MsW-tql9PoZocof3muN6PyaA/viewform"
미니학습지,증명서 ,3. 수강 확인증 어디서 발급 받을 수 있나요? ,"
안녕하세요 학습자님!

수강 확인증은 기재해주신 정보 참고하여, 발급 도와드리고 있어요! 
구매하신 강좌의 수강증 또는 수강확인증 발급 신청은 아래 안내대로 신청해주시면 되십니다~! 🤗
설문지를 모두 작성하여 제출하셨다면, 아래의 메시지 입력 창에 ""수강증 발급 신청 완료"" 라고 적어주세요!

수강확인증 신청하기
https://docs.google.com/forms/d/e/1FAIpQLSdpmFKj7GymB9s68lt0iQnqa3MsW-tql9PoZocof3muN6PyaA/viewform"
미니학습지,증명서 ,4. 출석 확인증 발급시 수강률은 꼭 강의를 듣고 발급 신청을 해야하나요?,"

안녕하세요.
네, 꼭 수강 하셔야 합니다.
한 달 최대 20강을 기준으로 수강률을 산정 하여 발급 해드리는 것을 원칙으로 합니다.
예를 들어 기간을 1개월로 설정 하시고, 20강을 수강 하셨다면 100%,
2개월로 설정하시고 총 40강을 수강 하셨어도 100%로 발급 해드립니다.
만약 수강 기간을 2개월로 설정하시고 총 20강을 수강하셨다면 50%로 발급합니다! 

참고로 저희 수강 기간은 평생 수강으로 제공하기 때문에, 수강 기간은 결제한 날짜 이후라면 언제든 설정이 가능합니다."
미니학습지,증명서 ,5. 출석 확인증은 수강은 다 들어야 100%로 발급되나요?? 아니면 강의를 다 못 들어도 신청가능할까요??,"

안녕하세요~
수강률 항목이 없는 수강확인증 자체는 결제 후 바로 발급접수 가능합니다! 
저희 미니학습지 특정 수업에 수강등록이 되었다는 증빙서류여서요 
대신 수강률 기재의 경우 1달 기준 20강 완강시 100% 기재로 안내드리고 있습니다."
미니학습지,증명서 ,"6. 회사 지원을 통해서 강의를 신청하고 싶은데, 이수확인서를 추후에 발급받을 수 있나요?","

안녕하세요! 학습자님!
수강확인증은 차후에 신청해주시면 발급 받으실 수 있습니다. 
수강률이 필요하신 경우 한 달 기준으로 20강 수강 시 100%로 기재해드리는 점 참고부탁드립니다.
"
미니학습지,증명서 ,7. 수강 기간은 일년 단위로만 발급되나요?,"

안녕하세요! 학습자님!
제출에 필요한 기간을 본인이 스스로 설정 하셔도 괜찮아요.😊
만약에 회사에 제출 할 때에, 24년 10월 07일 ~ 25년 10월 07일 까지 수강 기록에 대한 증명을 해야하면,
수강증 신청 하실 때 이 날짜로 설정하시고, 이 기간 내 실제로 20강 수강 하신 다음에 필요 수강률 기재해서 신청 해주시면됩니다.

추가로  결제 금액은 고정이고, 필요하신 기간 만큼 발급이 가능합니다!
한 달 20강 수강의 경우 수강률 기재시 요구되는 사항인데요!
수강 시작 기간을 기준으로 한 달 내 실제로 구매하신 강의 20강을 수강하시고 신청해주신다면 수강률을 100%로 발급해드리고 있습니다."
미니학습지,증명서 ,8. 수강확인증과 결재 카드 영수증을 메일로 받고 싶습니다.," 

안녕하세요
수강확인증 재발급이 필요하신 경우 상단의 [수강확인증 신청하기] 를 통해 신청서를 다시 한번 제출 부탁드리겠습니다.
또한 결제하신 카드매출전표 영수증은 마이페이지 → 주문목록 → 주문한 건의 상세내역 - 결제 상세 정보의 영수증 확인 누르면 정보 입력 후 전표 형식으로 직접 확인하실 수 있습니다!"
미니학습지,증명서 ,9. 수강 확인증 신청하고 싶어요. ,"

안녕하세요 학습자님!

수강 확인증은 기재해주신 정보 참고하여, 발급 도와드리고 있어요! 
구매하신 강좌의 수강증 또는 수강확인증 발급 신청은 아래 안내대로 신청해주시면 되십니다~! 🤗
설문지를 모두 작성하여 제출하셨다면, 아래의 메시지 입력 창에 ""수강증 발급 신청 완료"" 라고 적어주세요!

수강확인증 신청하기
https://docs.google.com/forms/d/e/1FAIpQLSdpmFKj7GymB9s68lt0iQnqa3MsW-tql9PoZocof3muN6PyaA/viewform
"
미니학습지,증명서 ,10.  구매 이후 바로 수강확인증 신청이 가능한가요? 발급이 가능한가요? ,"
수강확인증의 발급은 수강률 항목을 제외하고는 구입 후 바로 수강등록 증빙에 대한 신청이 가능하며, 수강률 기재가 필요하신 경우, 최소 수강등록 1달 이후 상기 수강기준을 충족하였을 때 기재가 가능합니다.
단, 수강확인증 발급 이후에는 구입하신 과정 환불이 불가한 점 참고 부탁드리겠습니다!"
미니학습지,증명서 ,11. 분할로 영수증 가능한가요? ,"
넵! 결제 금액의 경우 분할로 자사 영수증으로 발급 가능하십니다."
미니학습지,증명서 ,12. 수강증은 12개월분 미리 발급은 힘들까요?,"
미리 발급은 힘들 것 같습니다. ㅠ_ㅠ 다만 매달 신청해주시면, 12개월 동안 말씀 주신 서류 발급해드릴 수 있습니다. "
미니학습지,증명서 ,13. 영수증에 결제일 이라던지 수강 기간이라던지 매달 틀리지 않고 발급해주시는거죠?,"넵! 틀리지 않고 발급 도와드리며, 
혹시 수정사항이 있는 경우라도 재발급을 도와드리고 있습니다."
미니학습지,증명서 ,"14. 수강 기간도  달 별로, 기간 별  변경 가능하죠?
",넵 수강 확인증 신청 시 기재해주신 내용 그대로 발급 도와드리고 있습니다. 
미니학습지,증명서 ,15. 한 달 내로 20강 수강 시 100%기재 가 자세히 어떤 언어 기준인가요? ,"신청해주시는 언어로 생각해주시면 되십니다! 
예시로 영어로 수강 확인증 신청 시 영어 강의 한 달 내 20강 수강 하셨다면,
영어로 수강확인증의 출석률은 100% 기재가 가능하십니다!"
미니학습지,증명서 ,16. 가맹점정보 나오는 영수증 발급 가능할까요?,"안녕하세요~! 
가맹점 정보가 담긴 영수증의 경우 카드 매출전표로 확인이 가능하신데요~! 

결제하신 카드매출전표 영수증은 마이페이지 → 주문목록 → 주문한 건의 상세내역 - 결제 상세 정보의 영수증 확인 누르면 정보 입력 후 전표 형식으로 직접 확인하실 수 있습니다!"
미니학습지,결제 ,카톡 쿠폰은 환불 후 다시 이용이 가능한가요?,"1인 1회로 이용 제한이 걸려있기에, 환불 먼저 진행 후 결제 해주시고 '카톡' 이라고 말씀주시면, 담당자 연결을 통해 이용하실 수 있도록 도와드립니다. "
미니학습지,결제 ,12개월 무이자는 어떻게 하는건가요?,"결제 단계 시 카드사 마다 무이자 할부를 적용하는데 순서는 조금 차이가 있을 수 있습니다.카드사 별 상이한 무이자 할부 가격은 다음과 같습니다.
 5만원 이상의 상품을 신용카드로 결제하시는 경우 할부 기간을 설정할 수 있습니다. 이 중 카드사마다 다르게 무이자 할부 혜택을 받으실 수 있습니다.

현재 토스 페이먼츠를 사용하기에 하단의 카드사 부담 무이자 할부 내용을 꼭 참고해주시기 바랍니다. 
※ 카드사별 무이자 할부 혜택 제공 개월 수는 카드사 정책에 따라 다를 수 있습니다.
※ 할부 기간 선택은 아래와 같이 결제 모듈에서 또는 카드사 앱을 통해 설정할 수 있습니다.
※ 카카오페이 또는 네이버페이, 체크카드 결제시 할부 기간을 설정할 수 없습니다."
미니학습지,결제 ,월 단위 결제가 가능한가요? 혹은 월 결제 가능한가요? 한 달에 얼마 내나요?,"미니학습지의 전 상품군은 정액제 성격의 결제 방식은 없는 점 참고부탁드리며, 대신 전 상품군은 
위 카드사에 따라 최대 12개월 무이자 할부를 지원해드리고 있습니다. 정액제 성격의 결제는 아닌 점 참고부탁드립니다. "
미니학습지,결제 ,"일시불로 결제를 잘못했는데, 어떻게 하나요?","우선 재결제를 진행해주시고, 여기에 메시지로 '재결제' 라고 입력해주시면, 
확인 후 이전 주문건 바로 환불 도와드리겠습니다. 참고로 환불은 7일 이내, 디지털 학습지 미다운로드 건만 가능하오니 참고부탁드립니다. "
미니학습지,결제 ,"가상 계좌, 무통장입금으로 결제하는데, 계좌가 오지 않았어요.","결제 시 무통장 입금 선택하신 후 발급받으시는 가상계좌로 입금 하시면 결제 가능한데요!
혹시 장바구니 → 무통장 입금 선택 후 결제 해주셨을까요? "
미니학습지,결제 ,교재 추가 구매를 희망합니다. ,"안녕하세요 학습자 님
미니학습지입니다 🙂
기존에 디지털학습지를 구매하셨던 과정에 한하여 페이퍼학습지 별도 구매가 가능합니다.
(*단, 페이퍼 학습지가 있는 과정만 가능)
혹시 별도 구매를 희망하시는 페이퍼 학습지 과정이 있으실까요?
구매를 결정하시고 희망하시는 과정을 말씀해주시면,
주문내역 확인 → 교재 가격 안내 → 구매여부 최종 결정 → 별도 구매 링크 생성 → 결제 확인 → 배송 접수
순서로 진행하고 있습니다!
별도로 추가 구매를 희망하는 교재가 있으신가요?
※ 단, 실물 교재를 별도 구매하시는 경우, 도서 정가제 금액이 반영되어 정가 구매하셔야 하기에 권당 약 1만원 내외의 금액(*과정마다 상이할 수 있습니다)이 발생되셔서 부담이 되실 수 있을 것 같아 사전 안내드립니다.

위 내용을 확인해주시고, 추가 구매를 희망하신다면, '교재추가구매' 를 입력해주세요! "
미니학습지,환불,환불 규정 안내 ,"미니학습지의 전반적인 환불 규정은 다음과 같습니다. 
구매일 기준 7일이내 환불 신청 
디지털 학습지 미다운로드 

이 두 가지 규정 중 하나라도, 예외가 있을 경우 환불은 어렵습니다.

예시로 환불 신청시 7일 이내에는 해주셨지만, 디지털 학습지를 일부라도 다운로드 하셨을 시, 열어보지 않으셨더라도, 디지털 콘텐츠 이용으로 간주가 되어 환불이 어렵습니다.

기간 역시 7일 이후로 결제해주시는 경우, 환불이 불가한 점 참고부탁드립니다. 
"
미니학습지,환불,일반 상품 취소 & 환불 ," 교재 발송 전 취소 및 환불 : 전액 환불이 가능합니다.
구입한 강좌의 디지털 학습지 다운로드한 경우 디지털콘텐츠 사용으로 간주하여 7일 이내라도 환불이 불가합니다(학습콘텐츠 다운로드 하지 않은 경우에만 환불).
교재 발송 후 환불 : 교재 재판매 가능 상태를 확인 후 왕복 배송비 등 차감 후 부분 환불이 가능합니다.
교재 및 사은품이 새 상태인 경우에는 결제일로부터 7일 이내 환불 신청 시 전액 환불이 가능합니다. 단 7일이 초과한 경우 환불 접수가 불가합니다.
교재 및 사은품은 사용감이 있는 경우 7일 이내라도 환불이 불가합니다.
그 외 제공되는 콘텐츠, mp3나 강의, 학습문답시스템 등은 실결제금액에 포함되지 않으므로(무상지원) 환불 대상이 아닙니다."
미니학습지,환불, 아이패드 드림팩 환불 ," ① Apple 기기와 강의 수강권이 결합된 프로모션 상품으로, 기기/수강권 부분 환불은 불가합니다.
② 구입일로부터 14일 이내 또는 태블릿(iPad) 수령 후 7일 이내 디지털 학습지의 다운로드 기록이 없고, 페이퍼 학습지 개봉 및 사용 기록이 없으며, 배송받은 태블릿(iPad)과 Apple Pencil 기기 모두 미개봉(*상품 포장 개봉씰 미제거 상태) 상태일 시 전액 환불이 가능합니다.
▶ 단, 단순 변심 사유에 따른 반품 택배비는 구매자가 부담하여야 합니다.
③ 프로모션 상품을 개봉 또는 사용(훼손)한 경우(*오염, 파손, 외관손상, 포장훼손, 사용기록 등)에는 환불이 불가합니다.
④ 태블릿PC와 Apple Pencil이 포함된 본 프로모션 상품 구매 후 환불 요청 시 제공된 상품들은 함께 반품해주셔야 합니다. 다만, 반품하신 상품의 제품 가치가 구매자 과실로 훼손된 경우, 기기의 공식 판매가 기준으로 금액 공제 후 환불이 진행됩니다.
⑤ 반품이 완료된 제품을 확인하여 검수(개봉 여부 및 포장상태 확인 등) 후 최종 환불이 완료됩니다. 반품 및 검수 기간은 최대 2~3주 소요될 수 있습니다."
미니학습지,환불,결제 당일 & 이후 결제 취소 희망 시   ,"[결제 당일 결제 취소]
– 보통의 경우 담당자가 환불 접수를 마치고 수 분 내 한도 복구가 완료됩니다.

[결제 당일 이후의 결제 취소]
– 담당자가 환불 접수를 마치고 3~5 영업일 이내(은행 또는 카드사 기준) 한도 복구가 완료됩니다."
미니학습지,환불,"실수로 결제 잘못했는데, 재결제는요?","재결제의 경우 기존 주문건 확인 후 , 
동일한 제품 구매를 희망하시는 경우에는 먼저 재결제를 진행해주시고, 확인 후 환불 안내를 드리고 있습니다. 

다른 제품 구매를 희망하시는 경우에는 미니학습지 환불 규정에 입각하여 확인 한 뒤 7일이내, 디지털 학습지 미다운로드가 확인되면, 먼저 재결제를 해주시고, 확인이 되면, 환불 안내를 도와드리고 있습니다. "
미니학습지,환불,일시불에서 할부로 결제 방법 변경하고 싶어요,"안녕하세요 학습자님~! 
일시불로 결제 해주신 건의 경우 무이자 할부로 변경을 원하시면,
 기존 건은 환불을 해드리고, 무이자 할부로 변경하셔서 재결제를 해주시면 되십니다!
우선 무이자 할부로 결제해주시고 여기에 '담당자 연결' 이라고  말씀해주시겠어요~!"
미니학습지,환불,실수로 디지털 학습지 다운로드 했어요.. ,"앞서 안내드렸듯, 디지털 학습지 다운로드는 일부거나 열어보지 않으셨더라도
디지털 콘텐츠 이용으로 간주가 되어 환불이 어렵습니다. 
환불이 어렵게 된 것은 아쉽지만, 제공된 미니학습지 강의 디지털 학습지는 평생 무제한으로 수강이 가능하시니, 차 후 언어 공부가 필요하실때, 시간적 여유가 있으실 때 수강해나가시는 것을 추천드리며, 

수강 과정에서 발생하는 어려움들에 대해 문의를 남겨주시면 최대한 해결해드리겠습니다. "
미니학습지,배송 ,일반 상품 배송 관련,"아이패드 드림팩 패키지를 제외한 실물교재(페이퍼 교재)가 있는 모든 상품들은 다음과 같은 안내를 따릅니다. 

– [페이퍼 + 디지털 학습지] 옵션을 선택하신 경우 교재(상품)는 평일(월~금) 정오(12시)에 출고됩니다. 따라서 정오(12시) 이전 결제가 완료된 주문 건에 대하여 교재(상품) 발송이 시작됩니다.
– 주문상태 및 송장번호 등은 마이페이지에서 확인하실 수 있습니다.
– 국내배송은 발송 후 1~3일이 소요되고 해외배송(EMS)은 발송 후 평균 7~10일이 소요됩니다.
– [디지털 학습지 only] 옵션을 선택하신 경우, 별도 배송되는 교재(상품)이 없이 구매 후 바로 수강 및 교재 다운로드가 가능합니다.
-국내 배송은 4000원입니다. "
미니학습지,배송 ,아이패드 배송 관련 ,"아이패드 드림팩 패키지 구매 시, 페이퍼 교재와 분리 발송되며 평일 (월-금) 정오(12시)에 출고가 되어 1-3일 정도 소요되지만, 아이패드는 화, 목에 출고 되어, 배송 기간은 통상 1-4주 정도 소요되지만, 통상 영업일(평일) 기준 3일 이내 발송이 시작됩니다. 

① 태블릿(iPad)과 Apple Pencil은 결제일로부터 순차적으로 배송되며, 배송 기간은 약 1~4주 소요될 예정입니다. 통상 결제일로부터 영업일(평일) 기준 3일 이내 발송이 시작됩니다.
▶️ 단, 기기 수급 사정에 따라 추가 지연될 수 있으며, 이러한 경우 구매자에게 개별로 안내 드립니다.
② 페이퍼 학습지는 평일(월~금) 정오(12시)에 출고됩니다. 따라서 정오(12시) 이전 결제가 완료된 주문 건에 대하여 교재(상품) 발송이 시작됩니다. 실물 교재와 전자 기기 [태블릿(iPad) + Apple Pencil]는 개별 발송됩니다.
③ 디지털 학습지의 경우, 구매 즉시 미니학습지 계정 ID로 수강 및 교재 다운로드 권한이 추가되며 미니학습지 더노트 앱 설치 후 학습이 가능합니다.
④ 배송정보 오기재 및 제품 수령지 미변경으로 인한 분실/배송비 부담에 대해서는 당사에서 책임지지 않습니다.
⑤ 본 패키지 상품은 해외 배송이 불가합니다. (*국내 배송만 가능)"
미니학습지,배송 ,주소지 변경 ,"만약 결제완료 후 배송되기 이전(평일 정오)에 주소 변경을 원하는 경우 
주문완료 후에 주소지(청구주소/배송주소)를 변경하는 경우 잘못된 주소지로 배송될 수 있습니다.
이미 발송이 완료된 경우 주소 변경이 불가하며 추가 요금이 발생할 수 있습니다."
미니학습지,배송 ,군부대도 발송 가능한가요?,"가능합니다. 군부대와 같이 주소가 사서함인 경우는 저희가 우체국을 통해서 발송하고 있습니다🙂
주소가 사서함이 아닌 경우에도 우체국 택배만 받으시는 경우는 결제 단계에서 “배송 메모”를 작성해주셔야합니다. "
미니학습지,배송 ,해외 배송 가능한가요?,"가능합니다. 배송비는 거주하시는 국가와 상품 구성에 따라 배송비가 달라질 수 있는  점 참고부탁드려요!  구매하시려는 혹은 구매 해주신 강의에 대한 배송비 질문 주시면 답변드리겠습니다. 

그외 해외배송(EMS)은 발송 후 평균 7~10일 걸리시며, 발송 당일에 송장번호를 이메일로 전달드립니다. 
추가로 부재셔서 상품을 못 받으시는 경우 상품이 다시 반환 될 가능성이 있으니, 해당 부분 참고부탁드립니다. "
미니학습지,배송 ,상품별 해외 배송비,"독일어 Native + Match   ₩46,000 
독일어 Pattern 99 ₩46,000
영어 Native ₩46,000
독일어 풀 패키지 ₩75,000
영어 Match ₩46,000
영어 Pattern 99 ₩46,000
힙합영어 ₩46,000
스페인어 Native ₩46,000
스페인어 중급 ₩46,000
영어 Native + Match ₩48,500
영어 Basic + Native ₩69,500
영어 Basic + Match ₩69,500
영어 풀 패키지 ₩75,000
프랑스어 Native ₩46,000
프랑스어 중급 ₩46,000
일본어 중급 ₩46,000
중국어 중급 ₩46,000
스페인어 풀패키지 ₩80,000
러시아어 중급 ₩46,000
이탈리아어 스타터팩 ₩46,000
포르투갈어 스타터팩 ₩46,000
프랑스어 풀패키지 ₩75,000
베트남어 스타터팩 ₩46,000
미니문법 독/스/프/중/일/러 ₩46,000
일본어 풀패키지 ₩69,500
영어 인싸패키지 ₩54,500
아랍어 스타터팩 ₩48,500
중국어 풀패키지 ₩75,000
독일어 스타터팩 ₩51,500
일본어 스타터팩 ₩51,500
러시아어 풀패키지 ₩69,500
영어 스타터팩 ₩59,500
스페인어 스타터팩 ₩54,500
프랑스어 스타터팩 ₩54,500
중국어 스타터팩 ₩54,500
러시아어 스타터팩 ₩64,500
풀패키지 중/일/러 ₩69,500
풀패키지 독/영/스/프 ₩75,000
1&1 ₩95,000
"
미니학습지,배송 ,학습지가 안왔는데 배송완료라고 떴어요,"간혹 실물 교재가 아니지만, 배송완료라고 뜨는 경우가 있습니다. 해당 문구는 실물 교재가 배송된다는 뜻이 아닌, 디지털 교재 사용이 가능해졌다고 생각해주시면 되십니다."
미니학습지,배송 ,페이퍼학습지는 언제발송되나요? 종이 학습지 배송은 언제 되나요? ,"오후 12시(정오) 이전 결제 완료 건은 당일 발송되며, 이후 주문 건은 익일 발송됩니다.
예시로 어제 오후 12시 22분 결제해주신 상품은 금일 발송이 시작 될 예정입니다! 😸
발송이 시작되면 오후 3시 전후로 송장 등록이 되고 있으며, 송장번호를 알림톡으로 발송 해드려요!
배송 기간은 배달지 기사님 상황에 따라 다르지만 통상 다음날 도착 합니다!"
미니학습지,배송 , 교재는 도착했는데 아이패드는 언제 출고되나요?,"아이패드 드림팩 패키지는 교재와 분리 배송 하는데요!
목요일인 오늘 출고될 예정이입니다. 통상 영업일(평일) 기준에 따라 3일 정도 소요되지만, 
선 주문건을 먼저 발송하는 형태이기에, 최대 1-3주 정도 걸리실 수 있는 점 참고부탁드립니다."
미니학습지,배송 ,학습지 구성에는 [착붙딱붙 JLPT N3]도 포함되어 있던데 배송 온 패키지에는 없는데 배송이 누락된 건가요? ,"구매해주신 일본어 파워팩 구성의 JLPT 패키지는 실물교재가 아닌데요! 
해당 패키지는 디지털 교재이기 때문에 미니학습지 더노트앱 을 통해서 다운로드 및 수강이 가능하십니다. 
구글 플레이스토어 or 애플 앱스토어의 미니학습지 더노트 앱을 설치 후 로그인하시면, 
도서불러오기 (모바일은 + 버튼) 기능을 통해 디지털 학습지 다운로드 이용이 가능하오니 확인 부탁드립니다 "
미니학습지,배송 ,아이패드 언제 배송 되나요?,"화요일 목요일 출고가 되며, 아이패드 택배사는 우체국인 점 참고부탁드립니다. 
연말과 같은 특수 상황에 따라 1-4주 정도 소요될 수 있습니다. "
미니학습지,배송 ,학습지가 배송이 안됐는데 배송완료라고 되어있어서요~,"안녕하세요! 학습자님! 

현재 구매해주신 상품은 디지털 상품이기에 실물 교재는 따로 배송되지 않는데요~! 
시스템 상에서, 주문건 등록시켜드릴 때 표기된 내용이니 참고부탁드립니다. 

디지털 학습지 이용 관련해서는 [미니학습지 더노트] 앱 에서 다운로드가 가능합니다!

구글 플레이스토어 or 애플 앱스토어의 미니학습지 더노트 앱을 설치 후 로그인하시면,
도서불러오기 (모바일은 + 버튼) 기능을 통해 디지털 학습지 다운로드 이용이 가능하오니 확인 부탁드립니다 😀

https://studymini.com/thenote/
"
미니학습지,스타터팩,스타터팩에 대하여,"

Point 02
암기 말고 반복하기
암기보단 잦은 반복이 더 좋아요.
반복으로 익숙해지는 과정을 가져요.
옹알이가 터질 준비됐나요?

미니학습지는 손쉽게 들고 다닐 수 있는 작은 사이즈(A5)의 학습지로 만들어졌어요. 출근길에서도 카페에서도 쉽게 열어보고 학습할 수 있도록요. 또한 하루 1장 형식을 도입하여 긴 시간 학습할 각오를 할 필요도 없이 언제나 짬 나는 시간을 활용해 학습할 수 있도록 구성되었습니다. 그리고 무엇보다 재밌습니다. 재밌다는 것이 주관적인 것일지도 모르지만, 영상을 보며 몰입하며 따라 말하고 싶게 되어 있다면, 그건 분명 재밌는 학습지일 것입니다. 이것이, 미니학습지입니다.

앞서 말씀드린 미니학습지(미니학습지 베이직)에 추가로 학습 굿즈 및 수강 부가서비스가 추가된 것인 스타터팩인데요!  12개 외국어를 왕초보 단계서 부터, 말하기 중심의 학습을 통해 CEFR 레벨 기준 A1-A2에 도달하실 수 있도록 커리큘럼이 구성되어있는 패키지 입니다. 

쉽게 말씀드리면, 알파벳을 하나도 모르셔도, 영어 스타터팩을 완강하시는 경우 원어민과 의사소통이 가능해진다고 보시면 되는데요.  

 
바쁜 현생에 이걸 어떻게 다 공부할 수 있는지 의문이 드실 수 도 있는데요. 

미니학습지의 스타터팩은 바쁜 성인 라이프스타일에 최적화된 외국어 콘텐츠와 디지털 학습 환경이라는 큰 강점을 지니고 있습니다. 

1편 당 5분으로 숏폼 콘텐츠 인강 - 원어민, 한국인 듀오인강 
1일 1장으로 부담없는 학습 분량!
스마트한 학습 환경으로 빠르고, 편하게! 구입 즉시 바로 다운로드 수강이 가능한 디지털 학습지를 제공해드립니다. 
내가 모르는 것들을 선생님들이 1:1 학습 문답을 통해 답변해드리며, 타 수강생들의 학습 문답도 참고하시면서 내 언어 실력을 향상할 수 있습니다. "
미니학습지,스타터팩,스타터팩 가격,"영어 스타터팩 - 디지털 학습지 only     295,800
영어 스타터팩 - 페이퍼 + 디지털 학습지    348,000
스페인어 스타터팩 - 디지털 학습지 only  295,800
스페인어 스타터팩 - 페이퍼 + 디지털 학습지  348,000
일본어 스타터팩 - 디지털 학습지 only 295,800
일본어 스타터팩 - 페이퍼 + 디지털 학습지 348,000
프랑스어 스타터팩 - 디지털 학습지 only 295,800
프랑스어 스타터팩 - 페이퍼 + 디지털 학습지 348,000
독일어 스타터팩 - 디지털 학습지 only 295,800
독일어 스타터팩 - 페이퍼 + 디지털 학습지 348,000
중국어 스타터팩 - 디지털 학습지 only 239,700
중국어 스타터팩 - 페이퍼 + 디지털 학습지 282,000
러시아어 스타터팩 - 디지털 학습지 only 319,000
아랍어 스타터팩 - 디지털 학습지 only 231,000
포르투갈어 스타터팩 - 디지털 학습지 only 252,000
포르투갈어 스타터팩 - 페이퍼 + 디지털 학습지 315,000
베트남어 스타터팩 - 디지털 학습지 only 252,000
베트남어 스타터팩 - 페이퍼 + 디지털 학습지 315,000
이탈리아어 스타터팩 - 디지털 학습지 only 252,000
이탈리아어 스타터팩 - 페이퍼 + 디지털 학습지 315,000
인도네시아어 스타터팩 - 디지털 학습지 only 231,000"
미니학습지,스타터팩,스타터팩 구성 ,"스타터팩 구성은 공통적으로 베이직 학습지, 강의, 미니 단어장, 원어민 음원 추가 굿즈로 슈퍼브레인 활동북, 승급시험, 습관 형성 플래너, 학습 문답을 제공해드리고 있습니다. 

스타터팩의 구성은 각 언어별로 상이할 수 있는 점 참고 부탁드립니다. 

– 본 상품의 구성은 실물 학습지와 디지털 학습지 그리고 디지털 콘텐츠 등으로 준비되어 있습니다.
– 각 옵션 별 제공되는 구성이 상이하므로 위 상세소개 및 각 구매 페이지의 내용을 잘 확인해 주세요.
– 제공되는 디지털 학습지는 “더노트” 앱에서 다운로드하여 이용 가능합니다. (구글 플레이스토어 또는 앱스토어에서 검색하여 다운 가능)
– 그 밖의 제공되는 디지털 콘텐츠는 모든 종류의 PC, 태블릿 및 스마트폰에서 만날 수 있습니다.

부가 서비스 이용
– 학습지 구입 시 무료로 제공되는 강의 등의 콘텐츠는 구입 이후 자유롭게 이용할 수 있습니다.
– 제공된 강의 콘텐츠의 경우 홈페이지 상단 메뉴 “나의 강의실” 또는 앱을 통해 구매 직후 수강할 수 있습니다.
– 일부 부가상품은 다운로드가 가능합니다. 다운로드된 파일의 저작권은 노이지콘텐츠(주)에 있으며 무단전재 및 복제, 재업로드를 금하며 구입자 개인의 학습용로도만 사용할 수 있습니다.
– 나의 강의실에서 제공되는 강의 콘텐츠는 학습자 본인에 한해 별도의 수강 기간 연장 없이 무제한으로 이용 가능합니다. 본 정책은 회사 정책에 따라 추후 변경될 수 있습니다.
– 학습문답 시스템은 수강신청 후 1년간 자유롭게 이용할 수 있습니다. (최소 1년은 학습문답 시스템 이용을 보장한다는 의미이며, 그 이후로도 특별한 내부 사정이 없는 한 이용이 가능하도록 노력할 예정입니다.)
– 학습문답 이용권을 남용하는 경우 서비스 이용이 제한될 수 있습니다(해당 강의 내용과 수준을 넘어선 질문이나 직접 관련이 없는 문의는 답을 달지 않고 임의 삭제됩니다.

유의사항
– 미니학습지 콘텐츠는 하나의 ID로만 접속이 가능하며 최대 3개의 기기에서 동시 로그인이 가능합니다.
– 계정(ID 등) 공유 및 재판매는 노이지콘텐츠(주)의 이용약관에 따라 엄격히 금지되어 있습니다.
– 제공되는 모든 콘텐츠는 별도의 공지 없이 업그레이드 될 수 있습니다.
– 천재지변이나 폐업 등 서비스 제공이 불가한 경우 보조자료로 제공되는 콘텐츠(특히 강의 및 학습문답 서비스)는 종료되거나 다른 방식으로 제공될 수 있습니다.
– 할인이 있는 경우, 사전에 별도의 공지 없이 마감되거나 연장될 수 있습니다.
– 위 정책들은 회사의 사정에 따라 언제든지 변경될 수 있습니다."
미니학습지,스타터팩,스타터팩의 장점 및 부가서비스," 01
세밀한 커리큘럼 구성
하루 1장! 10분이면 돼요

CEFR 레벨링을 기반으로 한 일본어 학습지예요. 말하기, 듣기, 쓰기, 읽기 전 영역을 1일 1장으로 공부할 수 있죠.

철저히 CEFR에
기반한 학습지
Can do, 즉 무엇을 말할 수 있는 있는가에 중심을 두고 있어요. 유럽(EU)에서 만든 시스템이지만 지금은 한국뿐 아니라 세계 전역에서 사용하는 언어 기준으로 자리 잡았죠.

02
회화 역량을 강화해줄
말하기 중심 일본어 강의
말하기 중심으로 입을 활짝
한국인 선생님과 원어민의 더블티칭 강의예요.
티키타카로 즐거움을 제공해 강의를 몰입해서 볼 수 있게 되죠.
성장 스토리로 동기부여 UP
왕초보 학생의 성장 스토리를 함께 제공해요.
함께 학습하는 듯한 몰입감을 느껴보세요.

03
쉐도잉 연습을 위한
원어 발음 음원
틈만 나면 듣고 쉐도잉하세요
말하기가 잘 되려면 듣기를 많이 해야 해요.
학습한 내용을 이동 중에도 듣고 따라하세요.

04
게임처럼 빠르게
학습 카드 앱, 퀴즐렛
카드로 단어 학습도 빠르게
단어를 효율적으로 학습하고 게임처럼 할 수 있어 암기 시간이 즐거워져요.
단어 학습량이 증가하면 자연스럽게 말하기 실력도 향상되죠.

05
궁금증을 말끔히 해결할
커뮤니티형 학습문답
모르는 건 바로 질문해요
온라인 독학의 큰 단점은 질문할 곳이 없는거죠.
미니학습지에서는 강의실 하단에서 바로 가능해요.
선배들이 남겨놓은 소중한 질문도 볼 수 있죠.

06
3만개의 뇌를 합치면?
슈퍼브레인 활동북
특별제작된 활동북 증정
프랑스 철학자 볼테르는 말했죠.
질문을 잘하는 것이 지식의 시작이라고.
레벨별 특별 질문에 답하다보면
미처 생각치도 못했던 새로운 지식이 쌓여요.

07
테스트로 꼼꼼히 재확인
단계별 승급시험
순환 구조로 반복 훈련하세요
매일 테스트를 통해 꾸준히 학습하고,
중간 평가와 최종 평가를 거쳐 실력을 점검해요.
이 과정을 반복하면 일본어 능력을 키우는 데 효과적이죠.

08
필요한 단어만 외우는
핵심단어 500
레벨별 필수 어휘 1권 증정
실제 사용 가능한 예문이 함께 제공됩니다.
또한 휴대가 간편하게 만들어 언제 어디서나 학습할 수 있죠.

10
기록으로 레벨업! 습관 형성 플래너
공부 과정을 기록해요. 일일, 주간, 월간 계획을 통해 꾸준히 학습하고
성취와 변화를 기록해봐요. 학습 습관 형성과 자기 계발을 위한 최적의 파트너가 될 거예요.

11
평생 무제한 수강할 수 있어요
공부 시간이 부족하다면 무제한 수강 연장권을 이용해 보세요. 목표 레벨에 도달할 때까지 끝까지 책임질게요.

12
도서 혹은 PDF를 선택할 수 있어요. 
아날로그 감성을 선호한다면 페이퍼 학습지를 선택하세요.
혹시 도서 무게가 부담된다면? 전용 앱으로 구입한 학습지를 다운로드 할수있어요."
미니학습지,오류,테스트: 비디오 임베드 기능,"<b>동영상 재생 문제 해결 방법</b>

<strong>1️⃣ 기본 해결책</strong>
• 브라우저 새로고침 (Ctrl+F5)
• 다른 브라우저 사용 (Chrome 권장)
• 인터넷 연결 상태 확인

<strong>2️⃣ 상세 해결 영상</strong>
아래 영상에서 단계별 해결 방법을 확인하세요:
https://www.youtube.com/watch?v=dQw4w9WgXcQ

<strong>3️⃣ 추가 지원</strong>
<i>위 방법으로도 해결되지 않으면 고객센터로 문의주세요!</i>

<u>참고:</u> 모든 해결 방법은 <em>무료</em>로 제공됩니다."
미니학습지,수강,테스트: HTML 태그와 리스트,"<b>학습 순서 안내</b>

<strong>📚 기본 학습 과정:</strong>
<ol>
<li><b>기초 문법</b> - 언어의 기본 구조 이해</li>
<li><b>핵심 어휘</b> - 필수 단어 500개 학습</li>
<li><b>회화 연습</b> - 실전 대화 훈련</li>
<li><b>종합 평가</b> - 레벨 테스트 진행</li>
</ol>

<strong>🎯 학습 팁:</strong>
<ul>
<li><i>하루 30분</i> 꾸준한 학습이 중요</li>
<li><u>반복 학습</u>으로 장기 기억 형성</li>
<li><em>원어민 음성</em>을 자주 들어보세요</li>
</ul>

<b>중요:</b> 학습 진도는 <strong>개인 차</strong>가 있으니 <i>자신만의 페이스</i>로 진행하세요!"
미니학습지,앱,테스트: 비메오 영상과 혼합 콘텐츠,"<b>더노트앱 사용법 완전 가이드</b>

<strong>🎬 사용법 영상:</strong>
자세한 사용 방법은 아래 영상을 참고하세요:
https://vimeo.com/123456789

<strong>📱 단계별 가이드:</strong>
<ol>
<li><b>앱 다운로드</b>
   • 앱스토어 또는 플레이스토어에서 검색
   • ""미니학습지 더노트"" 설치</li>
<li><b>로그인</b>
   • 미니학습지 계정으로 로그인
   • <i>게스트 모드</i>도 가능</li>
<li><b>교재 다운로드</b>
   • <strong>도서 불러오기</strong> 버튼 클릭
   • 원하는 교재 선택 후 다운로드</li>
</ol>

<u>주의사항:</u>
• 최대 <b>3개 기기</b>에서 동시 사용 가능
• <em>필기 데이터</em>는 기기별로 저장됨

추가 문의: https://studymini.com/support"
미니학습지,오류,테스트: 이미지 자동 표시,"<b>이미지가 포함된 FAQ 테스트</b>

<strong>📸 스크린샷 예시:</strong>
아래 이미지를 참고하세요:
https://picsum.photos/600/400

<strong>🔗 a 태그 테스트:</strong>
자세한 정보는 <a href=""https://studymini.com"" target=""_blank"">미니학습지 홈페이지</a>를 참고하세요.

<strong>📋 추가 안내:</strong>
<ul>
<li>이미지는 <b>원본 비율</b>로 표시됩니다</li>
<li>최대 높이는 <i>500px</i>로 제한됩니다</li>
<li><u>클릭하면 원본 크기</u>로 볼 수 있습니다</li>
</ul>

<em>지원 형식:</em> JPG, PNG, GIF, WebP

<strong>🖼️ 추가 이미지 예시:</strong>
GitHub 로고: https://github.githubassets.com/images/modules/logos_page/GitHub-Mark.png"